"lab_folder","file","order_id","stimulus_type_order","familiar_role","location_shuffle_group","time_order_index","complexity_polarity","row_fribble","row_fractal","loc_left","loc_right","time_5","time_10","time_15","comp_simple","comp_complex","strict_complexity_ok"
"lab_01","order_001.csv",1,"fribble_first",0,1,1,"normal",6,6,6,6,4,4,4,6,6,TRUE
"lab_01","order_002.csv",2,"fractal_first",0,1,1,"normal",6,6,6,6,4,4,4,6,6,TRUE
"lab_01","order_003.csv",3,"fribble_first",1,1,1,"normal",6,6,6,6,4,4,4,6,6,TRUE
"lab_01","order_004.csv",4,"fractal_first",1,1,1,"normal",6,6,6,6,4,4,4,6,6,TRUE
"lab_01","order_005.csv",5,"fribble_first",0,2,1,"normal",6,6,6,6,4,4,4,6,6,TRUE
"lab_01","order_006.csv",6,"fractal_first",0,2,1,"normal",6,6,6,6,4,4,4,6,6,TRUE
"lab_01","order_007.csv",7,"fribble_first",1,2,1,"normal",6,6,6,6,4,4,4,6,6,TRUE
"lab_01","order_008.csv",8,"fractal_first",1,2,1,"normal",6,6,6,6,4,4,4,6,6,TRUE
"lab_01","order_009.csv",9,"fribble_first",0,1,2,"normal",6,6,6,6,4,4,4,6,6,TRUE
"lab_01","order_010.csv",10,"fractal_first",0,1,2,"normal",6,6,6,6,4,4,4,6,6,TRUE
"lab_01","order_011.csv",11,"fribble_first",1,1,2,"normal",6,6,6,6,4,4,4,6,6,TRUE
"lab_01","order_012.csv",12,"fractal_first",1,1,2,"normal",6,6,6,6,4,4,4,6,6,TRUE
"lab_01","order_013.csv",13,"fribble_first",0,2,2,"normal",6,6,6,6,4,4,4,6,6,TRUE
"lab_01","order_014.csv",14,"fractal_first",0,2,2,"normal",6,6,6,6,4,4,4,6,6,TRUE
"lab_01","order_015.csv",15,"fribble_first",1,2,2,"normal",6,6,6,6,4,4,4,6,6,TRUE
"lab_01","order_016.csv",16,"fractal_first",1,2,2,"normal",6,6,6,6,4,4,4,6,6,TRUE
"lab_02","order_017.csv",17,"fribble_first",0,1,1,"inverse",6,6,6,6,4,4,4,6,6,TRUE
"lab_02","order_018.csv",18,"fractal_first",0,1,1,"inverse",6,6,6,6,4,4,4,6,6,TRUE
"lab_02","order_019.csv",19,"fribble_first",1,1,1,"inverse",6,6,6,6,4,4,4,6,6,TRUE
"lab_02","order_020.csv",20,"fractal_first",1,1,1,"inverse",6,6,6,6,4,4,4,6,6,TRUE
"lab_02","order_021.csv",21,"fribble_first",0,2,1,"inverse",6,6,6,6,4,4,4,6,6,TRUE
"lab_02","order_022.csv",22,"fractal_first",0,2,1,"inverse",6,6,6,6,4,4,4,6,6,TRUE
"lab_02","order_023.csv",23,"fribble_first",1,2,1,"inverse",6,6,6,6,4,4,4,6,6,TRUE
"lab_02","order_024.csv",24,"fractal_first",1,2,1,"inverse",6,6,6,6,4,4,4,6,6,TRUE
"lab_02","order_025.csv",25,"fribble_first",0,1,2,"inverse",6,6,6,6,4,4,4,6,6,TRUE
"lab_02","order_026.csv",26,"fractal_first",0,1,2,"inverse",6,6,6,6,4,4,4,6,6,TRUE
"lab_02","order_027.csv",27,"fribble_first",1,1,2,"inverse",6,6,6,6,4,4,4,6,6,TRUE
"lab_02","order_028.csv",28,"fractal_first",1,1,2,"inverse",6,6,6,6,4,4,4,6,6,TRUE
"lab_02","order_029.csv",29,"fribble_first",0,2,2,"inverse",6,6,6,6,4,4,4,6,6,TRUE
"lab_02","order_030.csv",30,"fractal_first",0,2,2,"inverse",6,6,6,6,4,4,4,6,6,TRUE
"lab_02","order_031.csv",31,"fribble_first",1,2,2,"inverse",6,6,6,6,4,4,4,6,6,TRUE
"lab_02","order_032.csv",32,"fractal_first",1,2,2,"inverse",6,6,6,6,4,4,4,6,6,TRUE
"lab_03","order_033.csv",33,"fribble_first",0,1,1,"normal",6,6,6,6,4,4,4,6,6,TRUE
"lab_03","order_034.csv",34,"fractal_first",0,1,1,"normal",6,6,6,6,4,4,4,6,6,TRUE
"lab_03","order_035.csv",35,"fribble_first",1,1,1,"normal",6,6,6,6,4,4,4,6,6,TRUE
"lab_03","order_036.csv",36,"fractal_first",1,1,1,"normal",6,6,6,6,4,4,4,6,6,TRUE
"lab_03","order_037.csv",37,"fribble_first",0,2,1,"normal",6,6,6,6,4,4,4,6,6,TRUE
"lab_03","order_038.csv",38,"fractal_first",0,2,1,"normal",6,6,6,6,4,4,4,6,6,TRUE
"lab_03","order_039.csv",39,"fribble_first",1,2,1,"normal",6,6,6,6,4,4,4,6,6,TRUE
"lab_03","order_040.csv",40,"fractal_first",1,2,1,"normal",6,6,6,6,4,4,4,6,6,TRUE
"lab_03","order_041.csv",41,"fribble_first",0,1,2,"normal",6,6,6,6,4,4,4,6,6,TRUE
"lab_03","order_042.csv",42,"fractal_first",0,1,2,"normal",6,6,6,6,4,4,4,6,6,TRUE
"lab_03","order_043.csv",43,"fribble_first",1,1,2,"normal",6,6,6,6,4,4,4,6,6,TRUE
"lab_03","order_044.csv",44,"fractal_first",1,1,2,"normal",6,6,6,6,4,4,4,6,6,TRUE
"lab_03","order_045.csv",45,"fribble_first",0,2,2,"normal",6,6,6,6,4,4,4,6,6,TRUE
"lab_03","order_046.csv",46,"fractal_first",0,2,2,"normal",6,6,6,6,4,4,4,6,6,TRUE
"lab_03","order_047.csv",47,"fribble_first",1,2,2,"normal",6,6,6,6,4,4,4,6,6,TRUE
"lab_03","order_048.csv",48,"fractal_first",1,2,2,"normal",6,6,6,6,4,4,4,6,6,TRUE
"lab_04","order_049.csv",49,"fribble_first",0,1,1,"inverse",6,6,6,6,4,4,4,6,6,TRUE
"lab_04","order_050.csv",50,"fractal_first",0,1,1,"inverse",6,6,6,6,4,4,4,6,6,TRUE
"lab_04","order_051.csv",51,"fribble_first",1,1,1,"inverse",6,6,6,6,4,4,4,6,6,TRUE
"lab_04","order_052.csv",52,"fractal_first",1,1,1,"inverse",6,6,6,6,4,4,4,6,6,TRUE
"lab_04","order_053.csv",53,"fribble_first",0,2,1,"inverse",6,6,6,6,4,4,4,6,6,TRUE
"lab_04","order_054.csv",54,"fractal_first",0,2,1,"inverse",6,6,6,6,4,4,4,6,6,TRUE
"lab_04","order_055.csv",55,"fribble_first",1,2,1,"inverse",6,6,6,6,4,4,4,6,6,TRUE
"lab_04","order_056.csv",56,"fractal_first",1,2,1,"inverse",6,6,6,6,4,4,4,6,6,TRUE
"lab_04","order_057.csv",57,"fribble_first",0,1,2,"inverse",6,6,6,6,4,4,4,6,6,TRUE
"lab_04","order_058.csv",58,"fractal_first",0,1,2,"inverse",6,6,6,6,4,4,4,6,6,TRUE
"lab_04","order_059.csv",59,"fribble_first",1,1,2,"inverse",6,6,6,6,4,4,4,6,6,TRUE
"lab_04","order_060.csv",60,"fractal_first",1,1,2,"inverse",6,6,6,6,4,4,4,6,6,TRUE
"lab_04","order_061.csv",61,"fribble_first",0,2,2,"inverse",6,6,6,6,4,4,4,6,6,TRUE
"lab_04","order_062.csv",62,"fractal_first",0,2,2,"inverse",6,6,6,6,4,4,4,6,6,TRUE
"lab_04","order_063.csv",63,"fribble_first",1,2,2,"inverse",6,6,6,6,4,4,4,6,6,TRUE
"lab_04","order_064.csv",64,"fractal_first",1,2,2,"inverse",6,6,6,6,4,4,4,6,6,TRUE
"lab_05","order_065.csv",65,"fribble_first",0,1,1,"normal",6,6,6,6,4,4,4,6,6,TRUE
"lab_05","order_066.csv",66,"fractal_first",0,1,1,"normal",6,6,6,6,4,4,4,6,6,TRUE
"lab_05","order_067.csv",67,"fribble_first",1,1,1,"normal",6,6,6,6,4,4,4,6,6,TRUE
"lab_05","order_068.csv",68,"fractal_first",1,1,1,"normal",6,6,6,6,4,4,4,6,6,TRUE
"lab_05","order_069.csv",69,"fribble_first",0,2,1,"normal",6,6,6,6,4,4,4,6,6,TRUE
"lab_05","order_070.csv",70,"fractal_first",0,2,1,"normal",6,6,6,6,4,4,4,6,6,TRUE
"lab_05","order_071.csv",71,"fribble_first",1,2,1,"normal",6,6,6,6,4,4,4,6,6,TRUE
"lab_05","order_072.csv",72,"fractal_first",1,2,1,"normal",6,6,6,6,4,4,4,6,6,TRUE
"lab_05","order_073.csv",73,"fribble_first",0,1,2,"normal",6,6,6,6,4,4,4,6,6,TRUE
"lab_05","order_074.csv",74,"fractal_first",0,1,2,"normal",6,6,6,6,4,4,4,6,6,TRUE
"lab_05","order_075.csv",75,"fribble_first",1,1,2,"normal",6,6,6,6,4,4,4,6,6,TRUE
"lab_05","order_076.csv",76,"fractal_first",1,1,2,"normal",6,6,6,6,4,4,4,6,6,TRUE
"lab_05","order_077.csv",77,"fribble_first",0,2,2,"normal",6,6,6,6,4,4,4,6,6,TRUE
"lab_05","order_078.csv",78,"fractal_first",0,2,2,"normal",6,6,6,6,4,4,4,6,6,TRUE
"lab_05","order_079.csv",79,"fribble_first",1,2,2,"normal",6,6,6,6,4,4,4,6,6,TRUE
"lab_05","order_080.csv",80,"fractal_first",1,2,2,"normal",6,6,6,6,4,4,4,6,6,TRUE
"lab_06","order_081.csv",81,"fribble_first",0,1,1,"inverse",6,6,6,6,4,4,4,6,6,TRUE
"lab_06","order_082.csv",82,"fractal_first",0,1,1,"inverse",6,6,6,6,4,4,4,6,6,TRUE
"lab_06","order_083.csv",83,"fribble_first",1,1,1,"inverse",6,6,6,6,4,4,4,6,6,TRUE
"lab_06","order_084.csv",84,"fractal_first",1,1,1,"inverse",6,6,6,6,4,4,4,6,6,TRUE
"lab_06","order_085.csv",85,"fribble_first",0,2,1,"inverse",6,6,6,6,4,4,4,6,6,TRUE
"lab_06","order_086.csv",86,"fractal_first",0,2,1,"inverse",6,6,6,6,4,4,4,6,6,TRUE
"lab_06","order_087.csv",87,"fribble_first",1,2,1,"inverse",6,6,6,6,4,4,4,6,6,TRUE
"lab_06","order_088.csv",88,"fractal_first",1,2,1,"inverse",6,6,6,6,4,4,4,6,6,TRUE
"lab_06","order_089.csv",89,"fribble_first",0,1,2,"inverse",6,6,6,6,4,4,4,6,6,TRUE
"lab_06","order_090.csv",90,"fractal_first",0,1,2,"inverse",6,6,6,6,4,4,4,6,6,TRUE
"lab_06","order_091.csv",91,"fribble_first",1,1,2,"inverse",6,6,6,6,4,4,4,6,6,TRUE
"lab_06","order_092.csv",92,"fractal_first",1,1,2,"inverse",6,6,6,6,4,4,4,6,6,TRUE
"lab_06","order_093.csv",93,"fribble_first",0,2,2,"inverse",6,6,6,6,4,4,4,6,6,TRUE
"lab_06","order_094.csv",94,"fractal_first",0,2,2,"inverse",6,6,6,6,4,4,4,6,6,TRUE
"lab_06","order_095.csv",95,"fribble_first",1,2,2,"inverse",6,6,6,6,4,4,4,6,6,TRUE
"lab_06","order_096.csv",96,"fractal_first",1,2,2,"inverse",6,6,6,6,4,4,4,6,6,TRUE
"lab_07","order_097.csv",97,"fribble_first",0,1,1,"normal",6,6,6,6,4,4,4,6,6,TRUE
"lab_07","order_098.csv",98,"fractal_first",0,1,1,"normal",6,6,6,6,4,4,4,6,6,TRUE
"lab_07","order_099.csv",99,"fribble_first",1,1,1,"normal",6,6,6,6,4,4,4,6,6,TRUE
"lab_07","order_100.csv",100,"fractal_first",1,1,1,"normal",6,6,6,6,4,4,4,6,6,TRUE
"lab_07","order_101.csv",101,"fribble_first",0,2,1,"normal",6,6,6,6,4,4,4,6,6,TRUE
"lab_07","order_102.csv",102,"fractal_first",0,2,1,"normal",6,6,6,6,4,4,4,6,6,TRUE
"lab_07","order_103.csv",103,"fribble_first",1,2,1,"normal",6,6,6,6,4,4,4,6,6,TRUE
"lab_07","order_104.csv",104,"fractal_first",1,2,1,"normal",6,6,6,6,4,4,4,6,6,TRUE
"lab_07","order_105.csv",105,"fribble_first",0,1,2,"normal",6,6,6,6,4,4,4,6,6,TRUE
"lab_07","order_106.csv",106,"fractal_first",0,1,2,"normal",6,6,6,6,4,4,4,6,6,TRUE
"lab_07","order_107.csv",107,"fribble_first",1,1,2,"normal",6,6,6,6,4,4,4,6,6,TRUE
"lab_07","order_108.csv",108,"fractal_first",1,1,2,"normal",6,6,6,6,4,4,4,6,6,TRUE
"lab_07","order_109.csv",109,"fribble_first",0,2,2,"normal",6,6,6,6,4,4,4,6,6,TRUE
"lab_07","order_110.csv",110,"fractal_first",0,2,2,"normal",6,6,6,6,4,4,4,6,6,TRUE
"lab_07","order_111.csv",111,"fribble_first",1,2,2,"normal",6,6,6,6,4,4,4,6,6,TRUE
"lab_07","order_112.csv",112,"fractal_first",1,2,2,"normal",6,6,6,6,4,4,4,6,6,TRUE
"lab_08","order_113.csv",113,"fribble_first",0,1,1,"inverse",6,6,6,6,4,4,4,6,6,TRUE
"lab_08","order_114.csv",114,"fractal_first",0,1,1,"inverse",6,6,6,6,4,4,4,6,6,TRUE
"lab_08","order_115.csv",115,"fribble_first",1,1,1,"inverse",6,6,6,6,4,4,4,6,6,TRUE
"lab_08","order_116.csv",116,"fractal_first",1,1,1,"inverse",6,6,6,6,4,4,4,6,6,TRUE
"lab_08","order_117.csv",117,"fribble_first",0,2,1,"inverse",6,6,6,6,4,4,4,6,6,TRUE
"lab_08","order_118.csv",118,"fractal_first",0,2,1,"inverse",6,6,6,6,4,4,4,6,6,TRUE
"lab_08","order_119.csv",119,"fribble_first",1,2,1,"inverse",6,6,6,6,4,4,4,6,6,TRUE
"lab_08","order_120.csv",120,"fractal_first",1,2,1,"inverse",6,6,6,6,4,4,4,6,6,TRUE
"lab_08","order_121.csv",121,"fribble_first",0,1,2,"inverse",6,6,6,6,4,4,4,6,6,TRUE
"lab_08","order_122.csv",122,"fractal_first",0,1,2,"inverse",6,6,6,6,4,4,4,6,6,TRUE
"lab_08","order_123.csv",123,"fribble_first",1,1,2,"inverse",6,6,6,6,4,4,4,6,6,TRUE
"lab_08","order_124.csv",124,"fractal_first",1,1,2,"inverse",6,6,6,6,4,4,4,6,6,TRUE
"lab_08","order_125.csv",125,"fribble_first",0,2,2,"inverse",6,6,6,6,4,4,4,6,6,TRUE
"lab_08","order_126.csv",126,"fractal_first",0,2,2,"inverse",6,6,6,6,4,4,4,6,6,TRUE
"lab_08","order_127.csv",127,"fribble_first",1,2,2,"inverse",6,6,6,6,4,4,4,6,6,TRUE
"lab_08","order_128.csv",128,"fractal_first",1,2,2,"inverse",6,6,6,6,4,4,4,6,6,TRUE
"lab_09","order_129.csv",129,"fribble_first",0,1,1,"normal",6,6,6,6,4,4,4,6,6,TRUE
"lab_09","order_130.csv",130,"fractal_first",0,1,1,"normal",6,6,6,6,4,4,4,6,6,TRUE
"lab_09","order_131.csv",131,"fribble_first",1,1,1,"normal",6,6,6,6,4,4,4,6,6,TRUE
"lab_09","order_132.csv",132,"fractal_first",1,1,1,"normal",6,6,6,6,4,4,4,6,6,TRUE
"lab_09","order_133.csv",133,"fribble_first",0,2,1,"normal",6,6,6,6,4,4,4,6,6,TRUE
"lab_09","order_134.csv",134,"fractal_first",0,2,1,"normal",6,6,6,6,4,4,4,6,6,TRUE
"lab_09","order_135.csv",135,"fribble_first",1,2,1,"normal",6,6,6,6,4,4,4,6,6,TRUE
"lab_09","order_136.csv",136,"fractal_first",1,2,1,"normal",6,6,6,6,4,4,4,6,6,TRUE
"lab_09","order_137.csv",137,"fribble_first",0,1,2,"normal",6,6,6,6,4,4,4,6,6,TRUE
"lab_09","order_138.csv",138,"fractal_first",0,1,2,"normal",6,6,6,6,4,4,4,6,6,TRUE
"lab_09","order_139.csv",139,"fribble_first",1,1,2,"normal",6,6,6,6,4,4,4,6,6,TRUE
"lab_09","order_140.csv",140,"fractal_first",1,1,2,"normal",6,6,6,6,4,4,4,6,6,TRUE
"lab_09","order_141.csv",141,"fribble_first",0,2,2,"normal",6,6,6,6,4,4,4,6,6,TRUE
"lab_09","order_142.csv",142,"fractal_first",0,2,2,"normal",6,6,6,6,4,4,4,6,6,TRUE
"lab_09","order_143.csv",143,"fribble_first",1,2,2,"normal",6,6,6,6,4,4,4,6,6,TRUE
"lab_09","order_144.csv",144,"fractal_first",1,2,2,"normal",6,6,6,6,4,4,4,6,6,TRUE
"lab_10","order_145.csv",145,"fribble_first",0,1,1,"inverse",6,6,6,6,4,4,4,6,6,TRUE
"lab_10","order_146.csv",146,"fractal_first",0,1,1,"inverse",6,6,6,6,4,4,4,6,6,TRUE
"lab_10","order_147.csv",147,"fribble_first",1,1,1,"inverse",6,6,6,6,4,4,4,6,6,TRUE
"lab_10","order_148.csv",148,"fractal_first",1,1,1,"inverse",6,6,6,6,4,4,4,6,6,TRUE
"lab_10","order_149.csv",149,"fribble_first",0,2,1,"inverse",6,6,6,6,4,4,4,6,6,TRUE
"lab_10","order_150.csv",150,"fractal_first",0,2,1,"inverse",6,6,6,6,4,4,4,6,6,TRUE
"lab_10","order_151.csv",151,"fribble_first",1,2,1,"inverse",6,6,6,6,4,4,4,6,6,TRUE
"lab_10","order_152.csv",152,"fractal_first",1,2,1,"inverse",6,6,6,6,4,4,4,6,6,TRUE
"lab_10","order_153.csv",153,"fribble_first",0,1,2,"inverse",6,6,6,6,4,4,4,6,6,TRUE
"lab_10","order_154.csv",154,"fractal_first",0,1,2,"inverse",6,6,6,6,4,4,4,6,6,TRUE
"lab_10","order_155.csv",155,"fribble_first",1,1,2,"inverse",6,6,6,6,4,4,4,6,6,TRUE
"lab_10","order_156.csv",156,"fractal_first",1,1,2,"inverse",6,6,6,6,4,4,4,6,6,TRUE
"lab_10","order_157.csv",157,"fribble_first",0,2,2,"inverse",6,6,6,6,4,4,4,6,6,TRUE
"lab_10","order_158.csv",158,"fractal_first",0,2,2,"inverse",6,6,6,6,4,4,4,6,6,TRUE
"lab_10","order_159.csv",159,"fribble_first",1,2,2,"inverse",6,6,6,6,4,4,4,6,6,TRUE
"lab_10","order_160.csv",160,"fractal_first",1,2,2,"inverse",6,6,6,6,4,4,4,6,6,TRUE
"lab_11","order_161.csv",161,"fribble_first",0,1,1,"normal",6,6,6,6,4,4,4,6,6,TRUE
"lab_11","order_162.csv",162,"fractal_first",0,1,1,"normal",6,6,6,6,4,4,4,6,6,TRUE
"lab_11","order_163.csv",163,"fribble_first",1,1,1,"normal",6,6,6,6,4,4,4,6,6,TRUE
"lab_11","order_164.csv",164,"fractal_first",1,1,1,"normal",6,6,6,6,4,4,4,6,6,TRUE
"lab_11","order_165.csv",165,"fribble_first",0,2,1,"normal",6,6,6,6,4,4,4,6,6,TRUE
"lab_11","order_166.csv",166,"fractal_first",0,2,1,"normal",6,6,6,6,4,4,4,6,6,TRUE
"lab_11","order_167.csv",167,"fribble_first",1,2,1,"normal",6,6,6,6,4,4,4,6,6,TRUE
"lab_11","order_168.csv",168,"fractal_first",1,2,1,"normal",6,6,6,6,4,4,4,6,6,TRUE
"lab_11","order_169.csv",169,"fribble_first",0,1,2,"normal",6,6,6,6,4,4,4,6,6,TRUE
"lab_11","order_170.csv",170,"fractal_first",0,1,2,"normal",6,6,6,6,4,4,4,6,6,TRUE
"lab_11","order_171.csv",171,"fribble_first",1,1,2,"normal",6,6,6,6,4,4,4,6,6,TRUE
"lab_11","order_172.csv",172,"fractal_first",1,1,2,"normal",6,6,6,6,4,4,4,6,6,TRUE
"lab_11","order_173.csv",173,"fribble_first",0,2,2,"normal",6,6,6,6,4,4,4,6,6,TRUE
"lab_11","order_174.csv",174,"fractal_first",0,2,2,"normal",6,6,6,6,4,4,4,6,6,TRUE
"lab_11","order_175.csv",175,"fribble_first",1,2,2,"normal",6,6,6,6,4,4,4,6,6,TRUE
"lab_11","order_176.csv",176,"fractal_first",1,2,2,"normal",6,6,6,6,4,4,4,6,6,TRUE
"lab_12","order_177.csv",177,"fribble_first",0,1,1,"inverse",6,6,6,6,4,4,4,6,6,TRUE
"lab_12","order_178.csv",178,"fractal_first",0,1,1,"inverse",6,6,6,6,4,4,4,6,6,TRUE
"lab_12","order_179.csv",179,"fribble_first",1,1,1,"inverse",6,6,6,6,4,4,4,6,6,TRUE
"lab_12","order_180.csv",180,"fractal_first",1,1,1,"inverse",6,6,6,6,4,4,4,6,6,TRUE
"lab_12","order_181.csv",181,"fribble_first",0,2,1,"inverse",6,6,6,6,4,4,4,6,6,TRUE
"lab_12","order_182.csv",182,"fractal_first",0,2,1,"inverse",6,6,6,6,4,4,4,6,6,TRUE
"lab_12","order_183.csv",183,"fribble_first",1,2,1,"inverse",6,6,6,6,4,4,4,6,6,TRUE
"lab_12","order_184.csv",184,"fractal_first",1,2,1,"inverse",6,6,6,6,4,4,4,6,6,TRUE
"lab_12","order_185.csv",185,"fribble_first",0,1,2,"inverse",6,6,6,6,4,4,4,6,6,TRUE
"lab_12","order_186.csv",186,"fractal_first",0,1,2,"inverse",6,6,6,6,4,4,4,6,6,TRUE
"lab_12","order_187.csv",187,"fribble_first",1,1,2,"inverse",6,6,6,6,4,4,4,6,6,TRUE
"lab_12","order_188.csv",188,"fractal_first",1,1,2,"inverse",6,6,6,6,4,4,4,6,6,TRUE
"lab_12","order_189.csv",189,"fribble_first",0,2,2,"inverse",6,6,6,6,4,4,4,6,6,TRUE
"lab_12","order_190.csv",190,"fractal_first",0,2,2,"inverse",6,6,6,6,4,4,4,6,6,TRUE
"lab_12","order_191.csv",191,"fribble_first",1,2,2,"inverse",6,6,6,6,4,4,4,6,6,TRUE
"lab_12","order_192.csv",192,"fractal_first",1,2,2,"inverse",6,6,6,6,4,4,4,6,6,TRUE
"lab_13","order_193.csv",193,"fribble_first",0,1,1,"normal",6,6,6,6,4,4,4,6,6,TRUE
"lab_13","order_194.csv",194,"fractal_first",0,1,1,"normal",6,6,6,6,4,4,4,6,6,TRUE
"lab_13","order_195.csv",195,"fribble_first",1,1,1,"normal",6,6,6,6,4,4,4,6,6,TRUE
"lab_13","order_196.csv",196,"fractal_first",1,1,1,"normal",6,6,6,6,4,4,4,6,6,TRUE
"lab_13","order_197.csv",197,"fribble_first",0,2,1,"normal",6,6,6,6,4,4,4,6,6,TRUE
"lab_13","order_198.csv",198,"fractal_first",0,2,1,"normal",6,6,6,6,4,4,4,6,6,TRUE
"lab_13","order_199.csv",199,"fribble_first",1,2,1,"normal",6,6,6,6,4,4,4,6,6,TRUE
"lab_13","order_200.csv",200,"fractal_first",1,2,1,"normal",6,6,6,6,4,4,4,6,6,TRUE
"lab_13","order_201.csv",201,"fribble_first",0,1,2,"normal",6,6,6,6,4,4,4,6,6,TRUE
"lab_13","order_202.csv",202,"fractal_first",0,1,2,"normal",6,6,6,6,4,4,4,6,6,TRUE
"lab_13","order_203.csv",203,"fribble_first",1,1,2,"normal",6,6,6,6,4,4,4,6,6,TRUE
"lab_13","order_204.csv",204,"fractal_first",1,1,2,"normal",6,6,6,6,4,4,4,6,6,TRUE
"lab_13","order_205.csv",205,"fribble_first",0,2,2,"normal",6,6,6,6,4,4,4,6,6,TRUE
"lab_13","order_206.csv",206,"fractal_first",0,2,2,"normal",6,6,6,6,4,4,4,6,6,TRUE
"lab_13","order_207.csv",207,"fribble_first",1,2,2,"normal",6,6,6,6,4,4,4,6,6,TRUE
"lab_13","order_208.csv",208,"fractal_first",1,2,2,"normal",6,6,6,6,4,4,4,6,6,TRUE
"lab_14","order_209.csv",209,"fribble_first",0,1,1,"inverse",6,6,6,6,4,4,4,6,6,TRUE
"lab_14","order_210.csv",210,"fractal_first",0,1,1,"inverse",6,6,6,6,4,4,4,6,6,TRUE
"lab_14","order_211.csv",211,"fribble_first",1,1,1,"inverse",6,6,6,6,4,4,4,6,6,TRUE
"lab_14","order_212.csv",212,"fractal_first",1,1,1,"inverse",6,6,6,6,4,4,4,6,6,TRUE
"lab_14","order_213.csv",213,"fribble_first",0,2,1,"inverse",6,6,6,6,4,4,4,6,6,TRUE
"lab_14","order_214.csv",214,"fractal_first",0,2,1,"inverse",6,6,6,6,4,4,4,6,6,TRUE
"lab_14","order_215.csv",215,"fribble_first",1,2,1,"inverse",6,6,6,6,4,4,4,6,6,TRUE
"lab_14","order_216.csv",216,"fractal_first",1,2,1,"inverse",6,6,6,6,4,4,4,6,6,TRUE
"lab_14","order_217.csv",217,"fribble_first",0,1,2,"inverse",6,6,6,6,4,4,4,6,6,TRUE
"lab_14","order_218.csv",218,"fractal_first",0,1,2,"inverse",6,6,6,6,4,4,4,6,6,TRUE
"lab_14","order_219.csv",219,"fribble_first",1,1,2,"inverse",6,6,6,6,4,4,4,6,6,TRUE
"lab_14","order_220.csv",220,"fractal_first",1,1,2,"inverse",6,6,6,6,4,4,4,6,6,TRUE
"lab_14","order_221.csv",221,"fribble_first",0,2,2,"inverse",6,6,6,6,4,4,4,6,6,TRUE
"lab_14","order_222.csv",222,"fractal_first",0,2,2,"inverse",6,6,6,6,4,4,4,6,6,TRUE
"lab_14","order_223.csv",223,"fribble_first",1,2,2,"inverse",6,6,6,6,4,4,4,6,6,TRUE
"lab_14","order_224.csv",224,"fractal_first",1,2,2,"inverse",6,6,6,6,4,4,4,6,6,TRUE
"lab_15","order_225.csv",225,"fribble_first",0,1,1,"normal",6,6,6,6,4,4,4,6,6,TRUE
"lab_15","order_226.csv",226,"fractal_first",0,1,1,"normal",6,6,6,6,4,4,4,6,6,TRUE
"lab_15","order_227.csv",227,"fribble_first",1,1,1,"normal",6,6,6,6,4,4,4,6,6,TRUE
"lab_15","order_228.csv",228,"fractal_first",1,1,1,"normal",6,6,6,6,4,4,4,6,6,TRUE
"lab_15","order_229.csv",229,"fribble_first",0,2,1,"normal",6,6,6,6,4,4,4,6,6,TRUE
"lab_15","order_230.csv",230,"fractal_first",0,2,1,"normal",6,6,6,6,4,4,4,6,6,TRUE
"lab_15","order_231.csv",231,"fribble_first",1,2,1,"normal",6,6,6,6,4,4,4,6,6,TRUE
"lab_15","order_232.csv",232,"fractal_first",1,2,1,"normal",6,6,6,6,4,4,4,6,6,TRUE
"lab_15","order_233.csv",233,"fribble_first",0,1,2,"normal",6,6,6,6,4,4,4,6,6,TRUE
"lab_15","order_234.csv",234,"fractal_first",0,1,2,"normal",6,6,6,6,4,4,4,6,6,TRUE
"lab_15","order_235.csv",235,"fribble_first",1,1,2,"normal",6,6,6,6,4,4,4,6,6,TRUE
"lab_15","order_236.csv",236,"fractal_first",1,1,2,"normal",6,6,6,6,4,4,4,6,6,TRUE
"lab_15","order_237.csv",237,"fribble_first",0,2,2,"normal",6,6,6,6,4,4,4,6,6,TRUE
"lab_15","order_238.csv",238,"fractal_first",0,2,2,"normal",6,6,6,6,4,4,4,6,6,TRUE
"lab_15","order_239.csv",239,"fribble_first",1,2,2,"normal",6,6,6,6,4,4,4,6,6,TRUE
"lab_15","order_240.csv",240,"fractal_first",1,2,2,"normal",6,6,6,6,4,4,4,6,6,TRUE
"lab_16","order_241.csv",241,"fribble_first",0,1,1,"inverse",6,6,6,6,4,4,4,6,6,TRUE
"lab_16","order_242.csv",242,"fractal_first",0,1,1,"inverse",6,6,6,6,4,4,4,6,6,TRUE
"lab_16","order_243.csv",243,"fribble_first",1,1,1,"inverse",6,6,6,6,4,4,4,6,6,TRUE
"lab_16","order_244.csv",244,"fractal_first",1,1,1,"inverse",6,6,6,6,4,4,4,6,6,TRUE
"lab_16","order_245.csv",245,"fribble_first",0,2,1,"inverse",6,6,6,6,4,4,4,6,6,TRUE
"lab_16","order_246.csv",246,"fractal_first",0,2,1,"inverse",6,6,6,6,4,4,4,6,6,TRUE
"lab_16","order_247.csv",247,"fribble_first",1,2,1,"inverse",6,6,6,6,4,4,4,6,6,TRUE
"lab_16","order_248.csv",248,"fractal_first",1,2,1,"inverse",6,6,6,6,4,4,4,6,6,TRUE
"lab_16","order_249.csv",249,"fribble_first",0,1,2,"inverse",6,6,6,6,4,4,4,6,6,TRUE
"lab_16","order_250.csv",250,"fractal_first",0,1,2,"inverse",6,6,6,6,4,4,4,6,6,TRUE
"lab_16","order_251.csv",251,"fribble_first",1,1,2,"inverse",6,6,6,6,4,4,4,6,6,TRUE
"lab_16","order_252.csv",252,"fractal_first",1,1,2,"inverse",6,6,6,6,4,4,4,6,6,TRUE
"lab_16","order_253.csv",253,"fribble_first",0,2,2,"inverse",6,6,6,6,4,4,4,6,6,TRUE
"lab_16","order_254.csv",254,"fractal_first",0,2,2,"inverse",6,6,6,6,4,4,4,6,6,TRUE
"lab_16","order_255.csv",255,"fribble_first",1,2,2,"inverse",6,6,6,6,4,4,4,6,6,TRUE
"lab_16","order_256.csv",256,"fractal_first",1,2,2,"inverse",6,6,6,6,4,4,4,6,6,TRUE
"lab_17","order_257.csv",257,"fribble_first",0,1,1,"normal",6,6,6,6,4,4,4,6,6,TRUE
"lab_17","order_258.csv",258,"fractal_first",0,1,1,"normal",6,6,6,6,4,4,4,6,6,TRUE
"lab_17","order_259.csv",259,"fribble_first",1,1,1,"normal",6,6,6,6,4,4,4,6,6,TRUE
"lab_17","order_260.csv",260,"fractal_first",1,1,1,"normal",6,6,6,6,4,4,4,6,6,TRUE
"lab_17","order_261.csv",261,"fribble_first",0,2,1,"normal",6,6,6,6,4,4,4,6,6,TRUE
"lab_17","order_262.csv",262,"fractal_first",0,2,1,"normal",6,6,6,6,4,4,4,6,6,TRUE
"lab_17","order_263.csv",263,"fribble_first",1,2,1,"normal",6,6,6,6,4,4,4,6,6,TRUE
"lab_17","order_264.csv",264,"fractal_first",1,2,1,"normal",6,6,6,6,4,4,4,6,6,TRUE
"lab_17","order_265.csv",265,"fribble_first",0,1,2,"normal",6,6,6,6,4,4,4,6,6,TRUE
"lab_17","order_266.csv",266,"fractal_first",0,1,2,"normal",6,6,6,6,4,4,4,6,6,TRUE
"lab_17","order_267.csv",267,"fribble_first",1,1,2,"normal",6,6,6,6,4,4,4,6,6,TRUE
"lab_17","order_268.csv",268,"fractal_first",1,1,2,"normal",6,6,6,6,4,4,4,6,6,TRUE
"lab_17","order_269.csv",269,"fribble_first",0,2,2,"normal",6,6,6,6,4,4,4,6,6,TRUE
"lab_17","order_270.csv",270,"fractal_first",0,2,2,"normal",6,6,6,6,4,4,4,6,6,TRUE
"lab_17","order_271.csv",271,"fribble_first",1,2,2,"normal",6,6,6,6,4,4,4,6,6,TRUE
"lab_17","order_272.csv",272,"fractal_first",1,2,2,"normal",6,6,6,6,4,4,4,6,6,TRUE
"lab_18","order_273.csv",273,"fribble_first",0,1,1,"inverse",6,6,6,6,4,4,4,6,6,TRUE
"lab_18","order_274.csv",274,"fractal_first",0,1,1,"inverse",6,6,6,6,4,4,4,6,6,TRUE
"lab_18","order_275.csv",275,"fribble_first",1,1,1,"inverse",6,6,6,6,4,4,4,6,6,TRUE
"lab_18","order_276.csv",276,"fractal_first",1,1,1,"inverse",6,6,6,6,4,4,4,6,6,TRUE
"lab_18","order_277.csv",277,"fribble_first",0,2,1,"inverse",6,6,6,6,4,4,4,6,6,TRUE
"lab_18","order_278.csv",278,"fractal_first",0,2,1,"inverse",6,6,6,6,4,4,4,6,6,TRUE
"lab_18","order_279.csv",279,"fribble_first",1,2,1,"inverse",6,6,6,6,4,4,4,6,6,TRUE
"lab_18","order_280.csv",280,"fractal_first",1,2,1,"inverse",6,6,6,6,4,4,4,6,6,TRUE
"lab_18","order_281.csv",281,"fribble_first",0,1,2,"inverse",6,6,6,6,4,4,4,6,6,TRUE
"lab_18","order_282.csv",282,"fractal_first",0,1,2,"inverse",6,6,6,6,4,4,4,6,6,TRUE
"lab_18","order_283.csv",283,"fribble_first",1,1,2,"inverse",6,6,6,6,4,4,4,6,6,TRUE
"lab_18","order_284.csv",284,"fractal_first",1,1,2,"inverse",6,6,6,6,4,4,4,6,6,TRUE
"lab_18","order_285.csv",285,"fribble_first",0,2,2,"inverse",6,6,6,6,4,4,4,6,6,TRUE
"lab_18","order_286.csv",286,"fractal_first",0,2,2,"inverse",6,6,6,6,4,4,4,6,6,TRUE
"lab_18","order_287.csv",287,"fribble_first",1,2,2,"inverse",6,6,6,6,4,4,4,6,6,TRUE
"lab_18","order_288.csv",288,"fractal_first",1,2,2,"inverse",6,6,6,6,4,4,4,6,6,TRUE
"lab_19","order_289.csv",289,"fribble_first",0,1,1,"normal",6,6,6,6,4,4,4,6,6,TRUE
"lab_19","order_290.csv",290,"fractal_first",0,1,1,"normal",6,6,6,6,4,4,4,6,6,TRUE
"lab_19","order_291.csv",291,"fribble_first",1,1,1,"normal",6,6,6,6,4,4,4,6,6,TRUE
"lab_19","order_292.csv",292,"fractal_first",1,1,1,"normal",6,6,6,6,4,4,4,6,6,TRUE
"lab_19","order_293.csv",293,"fribble_first",0,2,1,"normal",6,6,6,6,4,4,4,6,6,TRUE
"lab_19","order_294.csv",294,"fractal_first",0,2,1,"normal",6,6,6,6,4,4,4,6,6,TRUE
"lab_19","order_295.csv",295,"fribble_first",1,2,1,"normal",6,6,6,6,4,4,4,6,6,TRUE
"lab_19","order_296.csv",296,"fractal_first",1,2,1,"normal",6,6,6,6,4,4,4,6,6,TRUE
"lab_19","order_297.csv",297,"fribble_first",0,1,2,"normal",6,6,6,6,4,4,4,6,6,TRUE
"lab_19","order_298.csv",298,"fractal_first",0,1,2,"normal",6,6,6,6,4,4,4,6,6,TRUE
"lab_19","order_299.csv",299,"fribble_first",1,1,2,"normal",6,6,6,6,4,4,4,6,6,TRUE
"lab_19","order_300.csv",300,"fractal_first",1,1,2,"normal",6,6,6,6,4,4,4,6,6,TRUE
"lab_19","order_301.csv",301,"fribble_first",0,2,2,"normal",6,6,6,6,4,4,4,6,6,TRUE
"lab_19","order_302.csv",302,"fractal_first",0,2,2,"normal",6,6,6,6,4,4,4,6,6,TRUE
"lab_19","order_303.csv",303,"fribble_first",1,2,2,"normal",6,6,6,6,4,4,4,6,6,TRUE
"lab_19","order_304.csv",304,"fractal_first",1,2,2,"normal",6,6,6,6,4,4,4,6,6,TRUE
"lab_20","order_305.csv",305,"fribble_first",0,1,1,"inverse",6,6,6,6,4,4,4,6,6,TRUE
"lab_20","order_306.csv",306,"fractal_first",0,1,1,"inverse",6,6,6,6,4,4,4,6,6,TRUE
"lab_20","order_307.csv",307,"fribble_first",1,1,1,"inverse",6,6,6,6,4,4,4,6,6,TRUE
"lab_20","order_308.csv",308,"fractal_first",1,1,1,"inverse",6,6,6,6,4,4,4,6,6,TRUE
"lab_20","order_309.csv",309,"fribble_first",0,2,1,"inverse",6,6,6,6,4,4,4,6,6,TRUE
"lab_20","order_310.csv",310,"fractal_first",0,2,1,"inverse",6,6,6,6,4,4,4,6,6,TRUE
"lab_20","order_311.csv",311,"fribble_first",1,2,1,"inverse",6,6,6,6,4,4,4,6,6,TRUE
"lab_20","order_312.csv",312,"fractal_first",1,2,1,"inverse",6,6,6,6,4,4,4,6,6,TRUE
"lab_20","order_313.csv",313,"fribble_first",0,1,2,"inverse",6,6,6,6,4,4,4,6,6,TRUE
"lab_20","order_314.csv",314,"fractal_first",0,1,2,"inverse",6,6,6,6,4,4,4,6,6,TRUE
"lab_20","order_315.csv",315,"fribble_first",1,1,2,"inverse",6,6,6,6,4,4,4,6,6,TRUE
"lab_20","order_316.csv",316,"fractal_first",1,1,2,"inverse",6,6,6,6,4,4,4,6,6,TRUE
"lab_20","order_317.csv",317,"fribble_first",0,2,2,"inverse",6,6,6,6,4,4,4,6,6,TRUE
"lab_20","order_318.csv",318,"fractal_first",0,2,2,"inverse",6,6,6,6,4,4,4,6,6,TRUE
"lab_20","order_319.csv",319,"fribble_first",1,2,2,"inverse",6,6,6,6,4,4,4,6,6,TRUE
"lab_20","order_320.csv",320,"fractal_first",1,2,2,"inverse",6,6,6,6,4,4,4,6,6,TRUE
"lab_21","order_321.csv",321,"fribble_first",0,1,1,"normal",6,6,6,6,4,4,4,6,6,TRUE
"lab_21","order_322.csv",322,"fractal_first",0,1,1,"normal",6,6,6,6,4,4,4,6,6,TRUE
"lab_21","order_323.csv",323,"fribble_first",1,1,1,"normal",6,6,6,6,4,4,4,6,6,TRUE
"lab_21","order_324.csv",324,"fractal_first",1,1,1,"normal",6,6,6,6,4,4,4,6,6,TRUE
"lab_21","order_325.csv",325,"fribble_first",0,2,1,"normal",6,6,6,6,4,4,4,6,6,TRUE
"lab_21","order_326.csv",326,"fractal_first",0,2,1,"normal",6,6,6,6,4,4,4,6,6,TRUE
"lab_21","order_327.csv",327,"fribble_first",1,2,1,"normal",6,6,6,6,4,4,4,6,6,TRUE
"lab_21","order_328.csv",328,"fractal_first",1,2,1,"normal",6,6,6,6,4,4,4,6,6,TRUE
"lab_21","order_329.csv",329,"fribble_first",0,1,2,"normal",6,6,6,6,4,4,4,6,6,TRUE
"lab_21","order_330.csv",330,"fractal_first",0,1,2,"normal",6,6,6,6,4,4,4,6,6,TRUE
"lab_21","order_331.csv",331,"fribble_first",1,1,2,"normal",6,6,6,6,4,4,4,6,6,TRUE
"lab_21","order_332.csv",332,"fractal_first",1,1,2,"normal",6,6,6,6,4,4,4,6,6,TRUE
"lab_21","order_333.csv",333,"fribble_first",0,2,2,"normal",6,6,6,6,4,4,4,6,6,TRUE
"lab_21","order_334.csv",334,"fractal_first",0,2,2,"normal",6,6,6,6,4,4,4,6,6,TRUE
"lab_21","order_335.csv",335,"fribble_first",1,2,2,"normal",6,6,6,6,4,4,4,6,6,TRUE
"lab_21","order_336.csv",336,"fractal_first",1,2,2,"normal",6,6,6,6,4,4,4,6,6,TRUE
"lab_22","order_337.csv",337,"fribble_first",0,1,1,"inverse",6,6,6,6,4,4,4,6,6,TRUE
"lab_22","order_338.csv",338,"fractal_first",0,1,1,"inverse",6,6,6,6,4,4,4,6,6,TRUE
"lab_22","order_339.csv",339,"fribble_first",1,1,1,"inverse",6,6,6,6,4,4,4,6,6,TRUE
"lab_22","order_340.csv",340,"fractal_first",1,1,1,"inverse",6,6,6,6,4,4,4,6,6,TRUE
"lab_22","order_341.csv",341,"fribble_first",0,2,1,"inverse",6,6,6,6,4,4,4,6,6,TRUE
"lab_22","order_342.csv",342,"fractal_first",0,2,1,"inverse",6,6,6,6,4,4,4,6,6,TRUE
"lab_22","order_343.csv",343,"fribble_first",1,2,1,"inverse",6,6,6,6,4,4,4,6,6,TRUE
"lab_22","order_344.csv",344,"fractal_first",1,2,1,"inverse",6,6,6,6,4,4,4,6,6,TRUE
"lab_22","order_345.csv",345,"fribble_first",0,1,2,"inverse",6,6,6,6,4,4,4,6,6,TRUE
"lab_22","order_346.csv",346,"fractal_first",0,1,2,"inverse",6,6,6,6,4,4,4,6,6,TRUE
"lab_22","order_347.csv",347,"fribble_first",1,1,2,"inverse",6,6,6,6,4,4,4,6,6,TRUE
"lab_22","order_348.csv",348,"fractal_first",1,1,2,"inverse",6,6,6,6,4,4,4,6,6,TRUE
"lab_22","order_349.csv",349,"fribble_first",0,2,2,"inverse",6,6,6,6,4,4,4,6,6,TRUE
"lab_22","order_350.csv",350,"fractal_first",0,2,2,"inverse",6,6,6,6,4,4,4,6,6,TRUE
"lab_22","order_351.csv",351,"fribble_first",1,2,2,"inverse",6,6,6,6,4,4,4,6,6,TRUE
"lab_22","order_352.csv",352,"fractal_first",1,2,2,"inverse",6,6,6,6,4,4,4,6,6,TRUE
"lab_23","order_353.csv",353,"fribble_first",0,1,1,"normal",6,6,6,6,4,4,4,6,6,TRUE
"lab_23","order_354.csv",354,"fractal_first",0,1,1,"normal",6,6,6,6,4,4,4,6,6,TRUE
"lab_23","order_355.csv",355,"fribble_first",1,1,1,"normal",6,6,6,6,4,4,4,6,6,TRUE
"lab_23","order_356.csv",356,"fractal_first",1,1,1,"normal",6,6,6,6,4,4,4,6,6,TRUE
"lab_23","order_357.csv",357,"fribble_first",0,2,1,"normal",6,6,6,6,4,4,4,6,6,TRUE
"lab_23","order_358.csv",358,"fractal_first",0,2,1,"normal",6,6,6,6,4,4,4,6,6,TRUE
"lab_23","order_359.csv",359,"fribble_first",1,2,1,"normal",6,6,6,6,4,4,4,6,6,TRUE
"lab_23","order_360.csv",360,"fractal_first",1,2,1,"normal",6,6,6,6,4,4,4,6,6,TRUE
"lab_23","order_361.csv",361,"fribble_first",0,1,2,"normal",6,6,6,6,4,4,4,6,6,TRUE
"lab_23","order_362.csv",362,"fractal_first",0,1,2,"normal",6,6,6,6,4,4,4,6,6,TRUE
"lab_23","order_363.csv",363,"fribble_first",1,1,2,"normal",6,6,6,6,4,4,4,6,6,TRUE
"lab_23","order_364.csv",364,"fractal_first",1,1,2,"normal",6,6,6,6,4,4,4,6,6,TRUE
"lab_23","order_365.csv",365,"fribble_first",0,2,2,"normal",6,6,6,6,4,4,4,6,6,TRUE
"lab_23","order_366.csv",366,"fractal_first",0,2,2,"normal",6,6,6,6,4,4,4,6,6,TRUE
"lab_23","order_367.csv",367,"fribble_first",1,2,2,"normal",6,6,6,6,4,4,4,6,6,TRUE
"lab_23","order_368.csv",368,"fractal_first",1,2,2,"normal",6,6,6,6,4,4,4,6,6,TRUE
"lab_24","order_369.csv",369,"fribble_first",0,1,1,"inverse",6,6,6,6,4,4,4,6,6,TRUE
"lab_24","order_370.csv",370,"fractal_first",0,1,1,"inverse",6,6,6,6,4,4,4,6,6,TRUE
"lab_24","order_371.csv",371,"fribble_first",1,1,1,"inverse",6,6,6,6,4,4,4,6,6,TRUE
"lab_24","order_372.csv",372,"fractal_first",1,1,1,"inverse",6,6,6,6,4,4,4,6,6,TRUE
"lab_24","order_373.csv",373,"fribble_first",0,2,1,"inverse",6,6,6,6,4,4,4,6,6,TRUE
"lab_24","order_374.csv",374,"fractal_first",0,2,1,"inverse",6,6,6,6,4,4,4,6,6,TRUE
"lab_24","order_375.csv",375,"fribble_first",1,2,1,"inverse",6,6,6,6,4,4,4,6,6,TRUE
"lab_24","order_376.csv",376,"fractal_first",1,2,1,"inverse",6,6,6,6,4,4,4,6,6,TRUE
"lab_24","order_377.csv",377,"fribble_first",0,1,2,"inverse",6,6,6,6,4,4,4,6,6,TRUE
"lab_24","order_378.csv",378,"fractal_first",0,1,2,"inverse",6,6,6,6,4,4,4,6,6,TRUE
"lab_24","order_379.csv",379,"fribble_first",1,1,2,"inverse",6,6,6,6,4,4,4,6,6,TRUE
"lab_24","order_380.csv",380,"fractal_first",1,1,2,"inverse",6,6,6,6,4,4,4,6,6,TRUE
"lab_24","order_381.csv",381,"fribble_first",0,2,2,"inverse",6,6,6,6,4,4,4,6,6,TRUE
"lab_24","order_382.csv",382,"fractal_first",0,2,2,"inverse",6,6,6,6,4,4,4,6,6,TRUE
"lab_24","order_383.csv",383,"fribble_first",1,2,2,"inverse",6,6,6,6,4,4,4,6,6,TRUE
"lab_24","order_384.csv",384,"fractal_first",1,2,2,"inverse",6,6,6,6,4,4,4,6,6,TRUE
"lab_25","order_385.csv",385,"fribble_first",0,1,1,"normal",6,6,6,6,4,4,4,6,6,TRUE
"lab_25","order_386.csv",386,"fractal_first",0,1,1,"normal",6,6,6,6,4,4,4,6,6,TRUE
"lab_25","order_387.csv",387,"fribble_first",1,1,1,"normal",6,6,6,6,4,4,4,6,6,TRUE
"lab_25","order_388.csv",388,"fractal_first",1,1,1,"normal",6,6,6,6,4,4,4,6,6,TRUE
"lab_25","order_389.csv",389,"fribble_first",0,2,1,"normal",6,6,6,6,4,4,4,6,6,TRUE
"lab_25","order_390.csv",390,"fractal_first",0,2,1,"normal",6,6,6,6,4,4,4,6,6,TRUE
"lab_25","order_391.csv",391,"fribble_first",1,2,1,"normal",6,6,6,6,4,4,4,6,6,TRUE
"lab_25","order_392.csv",392,"fractal_first",1,2,1,"normal",6,6,6,6,4,4,4,6,6,TRUE
"lab_25","order_393.csv",393,"fribble_first",0,1,2,"normal",6,6,6,6,4,4,4,6,6,TRUE
"lab_25","order_394.csv",394,"fractal_first",0,1,2,"normal",6,6,6,6,4,4,4,6,6,TRUE
"lab_25","order_395.csv",395,"fribble_first",1,1,2,"normal",6,6,6,6,4,4,4,6,6,TRUE
"lab_25","order_396.csv",396,"fractal_first",1,1,2,"normal",6,6,6,6,4,4,4,6,6,TRUE
"lab_25","order_397.csv",397,"fribble_first",0,2,2,"normal",6,6,6,6,4,4,4,6,6,TRUE
"lab_25","order_398.csv",398,"fractal_first",0,2,2,"normal",6,6,6,6,4,4,4,6,6,TRUE
"lab_25","order_399.csv",399,"fribble_first",1,2,2,"normal",6,6,6,6,4,4,4,6,6,TRUE
"lab_25","order_400.csv",400,"fractal_first",1,2,2,"normal",6,6,6,6,4,4,4,6,6,TRUE
"lab_26","order_401.csv",401,"fribble_first",0,1,1,"inverse",6,6,6,6,4,4,4,6,6,TRUE
"lab_26","order_402.csv",402,"fractal_first",0,1,1,"inverse",6,6,6,6,4,4,4,6,6,TRUE
"lab_26","order_403.csv",403,"fribble_first",1,1,1,"inverse",6,6,6,6,4,4,4,6,6,TRUE
"lab_26","order_404.csv",404,"fractal_first",1,1,1,"inverse",6,6,6,6,4,4,4,6,6,TRUE
"lab_26","order_405.csv",405,"fribble_first",0,2,1,"inverse",6,6,6,6,4,4,4,6,6,TRUE
"lab_26","order_406.csv",406,"fractal_first",0,2,1,"inverse",6,6,6,6,4,4,4,6,6,TRUE
"lab_26","order_407.csv",407,"fribble_first",1,2,1,"inverse",6,6,6,6,4,4,4,6,6,TRUE
"lab_26","order_408.csv",408,"fractal_first",1,2,1,"inverse",6,6,6,6,4,4,4,6,6,TRUE
"lab_26","order_409.csv",409,"fribble_first",0,1,2,"inverse",6,6,6,6,4,4,4,6,6,TRUE
"lab_26","order_410.csv",410,"fractal_first",0,1,2,"inverse",6,6,6,6,4,4,4,6,6,TRUE
"lab_26","order_411.csv",411,"fribble_first",1,1,2,"inverse",6,6,6,6,4,4,4,6,6,TRUE
"lab_26","order_412.csv",412,"fractal_first",1,1,2,"inverse",6,6,6,6,4,4,4,6,6,TRUE
"lab_26","order_413.csv",413,"fribble_first",0,2,2,"inverse",6,6,6,6,4,4,4,6,6,TRUE
"lab_26","order_414.csv",414,"fractal_first",0,2,2,"inverse",6,6,6,6,4,4,4,6,6,TRUE
"lab_26","order_415.csv",415,"fribble_first",1,2,2,"inverse",6,6,6,6,4,4,4,6,6,TRUE
"lab_26","order_416.csv",416,"fractal_first",1,2,2,"inverse",6,6,6,6,4,4,4,6,6,TRUE
"lab_27","order_417.csv",417,"fribble_first",0,1,1,"normal",6,6,6,6,4,4,4,6,6,TRUE
"lab_27","order_418.csv",418,"fractal_first",0,1,1,"normal",6,6,6,6,4,4,4,6,6,TRUE
"lab_27","order_419.csv",419,"fribble_first",1,1,1,"normal",6,6,6,6,4,4,4,6,6,TRUE
"lab_27","order_420.csv",420,"fractal_first",1,1,1,"normal",6,6,6,6,4,4,4,6,6,TRUE
"lab_27","order_421.csv",421,"fribble_first",0,2,1,"normal",6,6,6,6,4,4,4,6,6,TRUE
"lab_27","order_422.csv",422,"fractal_first",0,2,1,"normal",6,6,6,6,4,4,4,6,6,TRUE
"lab_27","order_423.csv",423,"fribble_first",1,2,1,"normal",6,6,6,6,4,4,4,6,6,TRUE
"lab_27","order_424.csv",424,"fractal_first",1,2,1,"normal",6,6,6,6,4,4,4,6,6,TRUE
"lab_27","order_425.csv",425,"fribble_first",0,1,2,"normal",6,6,6,6,4,4,4,6,6,TRUE
"lab_27","order_426.csv",426,"fractal_first",0,1,2,"normal",6,6,6,6,4,4,4,6,6,TRUE
"lab_27","order_427.csv",427,"fribble_first",1,1,2,"normal",6,6,6,6,4,4,4,6,6,TRUE
"lab_27","order_428.csv",428,"fractal_first",1,1,2,"normal",6,6,6,6,4,4,4,6,6,TRUE
"lab_27","order_429.csv",429,"fribble_first",0,2,2,"normal",6,6,6,6,4,4,4,6,6,TRUE
"lab_27","order_430.csv",430,"fractal_first",0,2,2,"normal",6,6,6,6,4,4,4,6,6,TRUE
"lab_27","order_431.csv",431,"fribble_first",1,2,2,"normal",6,6,6,6,4,4,4,6,6,TRUE
"lab_27","order_432.csv",432,"fractal_first",1,2,2,"normal",6,6,6,6,4,4,4,6,6,TRUE
"lab_28","order_433.csv",433,"fribble_first",0,1,1,"inverse",6,6,6,6,4,4,4,6,6,TRUE
"lab_28","order_434.csv",434,"fractal_first",0,1,1,"inverse",6,6,6,6,4,4,4,6,6,TRUE
"lab_28","order_435.csv",435,"fribble_first",1,1,1,"inverse",6,6,6,6,4,4,4,6,6,TRUE
"lab_28","order_436.csv",436,"fractal_first",1,1,1,"inverse",6,6,6,6,4,4,4,6,6,TRUE
"lab_28","order_437.csv",437,"fribble_first",0,2,1,"inverse",6,6,6,6,4,4,4,6,6,TRUE
"lab_28","order_438.csv",438,"fractal_first",0,2,1,"inverse",6,6,6,6,4,4,4,6,6,TRUE
"lab_28","order_439.csv",439,"fribble_first",1,2,1,"inverse",6,6,6,6,4,4,4,6,6,TRUE
"lab_28","order_440.csv",440,"fractal_first",1,2,1,"inverse",6,6,6,6,4,4,4,6,6,TRUE
"lab_28","order_441.csv",441,"fribble_first",0,1,2,"inverse",6,6,6,6,4,4,4,6,6,TRUE
"lab_28","order_442.csv",442,"fractal_first",0,1,2,"inverse",6,6,6,6,4,4,4,6,6,TRUE
"lab_28","order_443.csv",443,"fribble_first",1,1,2,"inverse",6,6,6,6,4,4,4,6,6,TRUE
"lab_28","order_444.csv",444,"fractal_first",1,1,2,"inverse",6,6,6,6,4,4,4,6,6,TRUE
"lab_28","order_445.csv",445,"fribble_first",0,2,2,"inverse",6,6,6,6,4,4,4,6,6,TRUE
"lab_28","order_446.csv",446,"fractal_first",0,2,2,"inverse",6,6,6,6,4,4,4,6,6,TRUE
"lab_28","order_447.csv",447,"fribble_first",1,2,2,"inverse",6,6,6,6,4,4,4,6,6,TRUE
"lab_28","order_448.csv",448,"fractal_first",1,2,2,"inverse",6,6,6,6,4,4,4,6,6,TRUE
"lab_29","order_449.csv",449,"fribble_first",0,1,1,"normal",6,6,6,6,4,4,4,6,6,TRUE
"lab_29","order_450.csv",450,"fractal_first",0,1,1,"normal",6,6,6,6,4,4,4,6,6,TRUE
"lab_29","order_451.csv",451,"fribble_first",1,1,1,"normal",6,6,6,6,4,4,4,6,6,TRUE
"lab_29","order_452.csv",452,"fractal_first",1,1,1,"normal",6,6,6,6,4,4,4,6,6,TRUE
"lab_29","order_453.csv",453,"fribble_first",0,2,1,"normal",6,6,6,6,4,4,4,6,6,TRUE
"lab_29","order_454.csv",454,"fractal_first",0,2,1,"normal",6,6,6,6,4,4,4,6,6,TRUE
"lab_29","order_455.csv",455,"fribble_first",1,2,1,"normal",6,6,6,6,4,4,4,6,6,TRUE
"lab_29","order_456.csv",456,"fractal_first",1,2,1,"normal",6,6,6,6,4,4,4,6,6,TRUE
"lab_29","order_457.csv",457,"fribble_first",0,1,2,"normal",6,6,6,6,4,4,4,6,6,TRUE
"lab_29","order_458.csv",458,"fractal_first",0,1,2,"normal",6,6,6,6,4,4,4,6,6,TRUE
"lab_29","order_459.csv",459,"fribble_first",1,1,2,"normal",6,6,6,6,4,4,4,6,6,TRUE
"lab_29","order_460.csv",460,"fractal_first",1,1,2,"normal",6,6,6,6,4,4,4,6,6,TRUE
"lab_29","order_461.csv",461,"fribble_first",0,2,2,"normal",6,6,6,6,4,4,4,6,6,TRUE
"lab_29","order_462.csv",462,"fractal_first",0,2,2,"normal",6,6,6,6,4,4,4,6,6,TRUE
"lab_29","order_463.csv",463,"fribble_first",1,2,2,"normal",6,6,6,6,4,4,4,6,6,TRUE
"lab_29","order_464.csv",464,"fractal_first",1,2,2,"normal",6,6,6,6,4,4,4,6,6,TRUE
"lab_30","order_465.csv",465,"fribble_first",0,1,1,"inverse",6,6,6,6,4,4,4,6,6,TRUE
"lab_30","order_466.csv",466,"fractal_first",0,1,1,"inverse",6,6,6,6,4,4,4,6,6,TRUE
"lab_30","order_467.csv",467,"fribble_first",1,1,1,"inverse",6,6,6,6,4,4,4,6,6,TRUE
"lab_30","order_468.csv",468,"fractal_first",1,1,1,"inverse",6,6,6,6,4,4,4,6,6,TRUE
"lab_30","order_469.csv",469,"fribble_first",0,2,1,"inverse",6,6,6,6,4,4,4,6,6,TRUE
"lab_30","order_470.csv",470,"fractal_first",0,2,1,"inverse",6,6,6,6,4,4,4,6,6,TRUE
"lab_30","order_471.csv",471,"fribble_first",1,2,1,"inverse",6,6,6,6,4,4,4,6,6,TRUE
"lab_30","order_472.csv",472,"fractal_first",1,2,1,"inverse",6,6,6,6,4,4,4,6,6,TRUE
"lab_30","order_473.csv",473,"fribble_first",0,1,2,"inverse",6,6,6,6,4,4,4,6,6,TRUE
"lab_30","order_474.csv",474,"fractal_first",0,1,2,"inverse",6,6,6,6,4,4,4,6,6,TRUE
"lab_30","order_475.csv",475,"fribble_first",1,1,2,"inverse",6,6,6,6,4,4,4,6,6,TRUE
"lab_30","order_476.csv",476,"fractal_first",1,1,2,"inverse",6,6,6,6,4,4,4,6,6,TRUE
"lab_30","order_477.csv",477,"fribble_first",0,2,2,"inverse",6,6,6,6,4,4,4,6,6,TRUE
"lab_30","order_478.csv",478,"fractal_first",0,2,2,"inverse",6,6,6,6,4,4,4,6,6,TRUE
"lab_30","order_479.csv",479,"fribble_first",1,2,2,"inverse",6,6,6,6,4,4,4,6,6,TRUE
"lab_30","order_480.csv",480,"fractal_first",1,2,2,"inverse",6,6,6,6,4,4,4,6,6,TRUE
"lab_31","order_481.csv",481,"fribble_first",0,1,1,"normal",6,6,6,6,4,4,4,6,6,TRUE
"lab_31","order_482.csv",482,"fractal_first",0,1,1,"normal",6,6,6,6,4,4,4,6,6,TRUE
"lab_31","order_483.csv",483,"fribble_first",1,1,1,"normal",6,6,6,6,4,4,4,6,6,TRUE
"lab_31","order_484.csv",484,"fractal_first",1,1,1,"normal",6,6,6,6,4,4,4,6,6,TRUE
"lab_31","order_485.csv",485,"fribble_first",0,2,1,"normal",6,6,6,6,4,4,4,6,6,TRUE
"lab_31","order_486.csv",486,"fractal_first",0,2,1,"normal",6,6,6,6,4,4,4,6,6,TRUE
"lab_31","order_487.csv",487,"fribble_first",1,2,1,"normal",6,6,6,6,4,4,4,6,6,TRUE
"lab_31","order_488.csv",488,"fractal_first",1,2,1,"normal",6,6,6,6,4,4,4,6,6,TRUE
"lab_31","order_489.csv",489,"fribble_first",0,1,2,"normal",6,6,6,6,4,4,4,6,6,TRUE
"lab_31","order_490.csv",490,"fractal_first",0,1,2,"normal",6,6,6,6,4,4,4,6,6,TRUE
"lab_31","order_491.csv",491,"fribble_first",1,1,2,"normal",6,6,6,6,4,4,4,6,6,TRUE
"lab_31","order_492.csv",492,"fractal_first",1,1,2,"normal",6,6,6,6,4,4,4,6,6,TRUE
"lab_31","order_493.csv",493,"fribble_first",0,2,2,"normal",6,6,6,6,4,4,4,6,6,TRUE
"lab_31","order_494.csv",494,"fractal_first",0,2,2,"normal",6,6,6,6,4,4,4,6,6,TRUE
"lab_31","order_495.csv",495,"fribble_first",1,2,2,"normal",6,6,6,6,4,4,4,6,6,TRUE
"lab_31","order_496.csv",496,"fractal_first",1,2,2,"normal",6,6,6,6,4,4,4,6,6,TRUE
"lab_32","order_497.csv",497,"fribble_first",0,1,1,"inverse",6,6,6,6,4,4,4,6,6,TRUE
"lab_32","order_498.csv",498,"fractal_first",0,1,1,"inverse",6,6,6,6,4,4,4,6,6,TRUE
"lab_32","order_499.csv",499,"fribble_first",1,1,1,"inverse",6,6,6,6,4,4,4,6,6,TRUE
"lab_32","order_500.csv",500,"fractal_first",1,1,1,"inverse",6,6,6,6,4,4,4,6,6,TRUE
"lab_32","order_501.csv",501,"fribble_first",0,2,1,"inverse",6,6,6,6,4,4,4,6,6,TRUE
"lab_32","order_502.csv",502,"fractal_first",0,2,1,"inverse",6,6,6,6,4,4,4,6,6,TRUE
"lab_32","order_503.csv",503,"fribble_first",1,2,1,"inverse",6,6,6,6,4,4,4,6,6,TRUE
"lab_32","order_504.csv",504,"fractal_first",1,2,1,"inverse",6,6,6,6,4,4,4,6,6,TRUE
"lab_32","order_505.csv",505,"fribble_first",0,1,2,"inverse",6,6,6,6,4,4,4,6,6,TRUE
"lab_32","order_506.csv",506,"fractal_first",0,1,2,"inverse",6,6,6,6,4,4,4,6,6,TRUE
"lab_32","order_507.csv",507,"fribble_first",1,1,2,"inverse",6,6,6,6,4,4,4,6,6,TRUE
"lab_32","order_508.csv",508,"fractal_first",1,1,2,"inverse",6,6,6,6,4,4,4,6,6,TRUE
"lab_32","order_509.csv",509,"fribble_first",0,2,2,"inverse",6,6,6,6,4,4,4,6,6,TRUE
"lab_32","order_510.csv",510,"fractal_first",0,2,2,"inverse",6,6,6,6,4,4,4,6,6,TRUE
"lab_32","order_511.csv",511,"fribble_first",1,2,2,"inverse",6,6,6,6,4,4,4,6,6,TRUE
"lab_32","order_512.csv",512,"fractal_first",1,2,2,"inverse",6,6,6,6,4,4,4,6,6,TRUE
"lab_33","order_513.csv",513,"fribble_first",0,1,1,"normal",6,6,6,6,4,4,4,6,6,TRUE
"lab_33","order_514.csv",514,"fractal_first",0,1,1,"normal",6,6,6,6,4,4,4,6,6,TRUE
"lab_33","order_515.csv",515,"fribble_first",1,1,1,"normal",6,6,6,6,4,4,4,6,6,TRUE
"lab_33","order_516.csv",516,"fractal_first",1,1,1,"normal",6,6,6,6,4,4,4,6,6,TRUE
"lab_33","order_517.csv",517,"fribble_first",0,2,1,"normal",6,6,6,6,4,4,4,6,6,TRUE
"lab_33","order_518.csv",518,"fractal_first",0,2,1,"normal",6,6,6,6,4,4,4,6,6,TRUE
"lab_33","order_519.csv",519,"fribble_first",1,2,1,"normal",6,6,6,6,4,4,4,6,6,TRUE
"lab_33","order_520.csv",520,"fractal_first",1,2,1,"normal",6,6,6,6,4,4,4,6,6,TRUE
"lab_33","order_521.csv",521,"fribble_first",0,1,2,"normal",6,6,6,6,4,4,4,6,6,TRUE
"lab_33","order_522.csv",522,"fractal_first",0,1,2,"normal",6,6,6,6,4,4,4,6,6,TRUE
"lab_33","order_523.csv",523,"fribble_first",1,1,2,"normal",6,6,6,6,4,4,4,6,6,TRUE
"lab_33","order_524.csv",524,"fractal_first",1,1,2,"normal",6,6,6,6,4,4,4,6,6,TRUE
"lab_33","order_525.csv",525,"fribble_first",0,2,2,"normal",6,6,6,6,4,4,4,6,6,TRUE
"lab_33","order_526.csv",526,"fractal_first",0,2,2,"normal",6,6,6,6,4,4,4,6,6,TRUE
"lab_33","order_527.csv",527,"fribble_first",1,2,2,"normal",6,6,6,6,4,4,4,6,6,TRUE
"lab_33","order_528.csv",528,"fractal_first",1,2,2,"normal",6,6,6,6,4,4,4,6,6,TRUE
"lab_34","order_529.csv",529,"fribble_first",0,1,1,"inverse",6,6,6,6,4,4,4,6,6,TRUE
"lab_34","order_530.csv",530,"fractal_first",0,1,1,"inverse",6,6,6,6,4,4,4,6,6,TRUE
"lab_34","order_531.csv",531,"fribble_first",1,1,1,"inverse",6,6,6,6,4,4,4,6,6,TRUE
"lab_34","order_532.csv",532,"fractal_first",1,1,1,"inverse",6,6,6,6,4,4,4,6,6,TRUE
"lab_34","order_533.csv",533,"fribble_first",0,2,1,"inverse",6,6,6,6,4,4,4,6,6,TRUE
"lab_34","order_534.csv",534,"fractal_first",0,2,1,"inverse",6,6,6,6,4,4,4,6,6,TRUE
"lab_34","order_535.csv",535,"fribble_first",1,2,1,"inverse",6,6,6,6,4,4,4,6,6,TRUE
"lab_34","order_536.csv",536,"fractal_first",1,2,1,"inverse",6,6,6,6,4,4,4,6,6,TRUE
"lab_34","order_537.csv",537,"fribble_first",0,1,2,"inverse",6,6,6,6,4,4,4,6,6,TRUE
"lab_34","order_538.csv",538,"fractal_first",0,1,2,"inverse",6,6,6,6,4,4,4,6,6,TRUE
"lab_34","order_539.csv",539,"fribble_first",1,1,2,"inverse",6,6,6,6,4,4,4,6,6,TRUE
"lab_34","order_540.csv",540,"fractal_first",1,1,2,"inverse",6,6,6,6,4,4,4,6,6,TRUE
"lab_34","order_541.csv",541,"fribble_first",0,2,2,"inverse",6,6,6,6,4,4,4,6,6,TRUE
"lab_34","order_542.csv",542,"fractal_first",0,2,2,"inverse",6,6,6,6,4,4,4,6,6,TRUE
"lab_34","order_543.csv",543,"fribble_first",1,2,2,"inverse",6,6,6,6,4,4,4,6,6,TRUE
"lab_34","order_544.csv",544,"fractal_first",1,2,2,"inverse",6,6,6,6,4,4,4,6,6,TRUE
"lab_35","order_545.csv",545,"fribble_first",0,1,1,"normal",6,6,6,6,4,4,4,6,6,TRUE
"lab_35","order_546.csv",546,"fractal_first",0,1,1,"normal",6,6,6,6,4,4,4,6,6,TRUE
"lab_35","order_547.csv",547,"fribble_first",1,1,1,"normal",6,6,6,6,4,4,4,6,6,TRUE
"lab_35","order_548.csv",548,"fractal_first",1,1,1,"normal",6,6,6,6,4,4,4,6,6,TRUE
"lab_35","order_549.csv",549,"fribble_first",0,2,1,"normal",6,6,6,6,4,4,4,6,6,TRUE
"lab_35","order_550.csv",550,"fractal_first",0,2,1,"normal",6,6,6,6,4,4,4,6,6,TRUE
"lab_35","order_551.csv",551,"fribble_first",1,2,1,"normal",6,6,6,6,4,4,4,6,6,TRUE
"lab_35","order_552.csv",552,"fractal_first",1,2,1,"normal",6,6,6,6,4,4,4,6,6,TRUE
"lab_35","order_553.csv",553,"fribble_first",0,1,2,"normal",6,6,6,6,4,4,4,6,6,TRUE
"lab_35","order_554.csv",554,"fractal_first",0,1,2,"normal",6,6,6,6,4,4,4,6,6,TRUE
"lab_35","order_555.csv",555,"fribble_first",1,1,2,"normal",6,6,6,6,4,4,4,6,6,TRUE
"lab_35","order_556.csv",556,"fractal_first",1,1,2,"normal",6,6,6,6,4,4,4,6,6,TRUE
"lab_35","order_557.csv",557,"fribble_first",0,2,2,"normal",6,6,6,6,4,4,4,6,6,TRUE
"lab_35","order_558.csv",558,"fractal_first",0,2,2,"normal",6,6,6,6,4,4,4,6,6,TRUE
"lab_35","order_559.csv",559,"fribble_first",1,2,2,"normal",6,6,6,6,4,4,4,6,6,TRUE
"lab_35","order_560.csv",560,"fractal_first",1,2,2,"normal",6,6,6,6,4,4,4,6,6,TRUE
"lab_36","order_561.csv",561,"fribble_first",0,1,1,"inverse",6,6,6,6,4,4,4,6,6,TRUE
"lab_36","order_562.csv",562,"fractal_first",0,1,1,"inverse",6,6,6,6,4,4,4,6,6,TRUE
"lab_36","order_563.csv",563,"fribble_first",1,1,1,"inverse",6,6,6,6,4,4,4,6,6,TRUE
"lab_36","order_564.csv",564,"fractal_first",1,1,1,"inverse",6,6,6,6,4,4,4,6,6,TRUE
"lab_36","order_565.csv",565,"fribble_first",0,2,1,"inverse",6,6,6,6,4,4,4,6,6,TRUE
"lab_36","order_566.csv",566,"fractal_first",0,2,1,"inverse",6,6,6,6,4,4,4,6,6,TRUE
"lab_36","order_567.csv",567,"fribble_first",1,2,1,"inverse",6,6,6,6,4,4,4,6,6,TRUE
"lab_36","order_568.csv",568,"fractal_first",1,2,1,"inverse",6,6,6,6,4,4,4,6,6,TRUE
"lab_36","order_569.csv",569,"fribble_first",0,1,2,"inverse",6,6,6,6,4,4,4,6,6,TRUE
"lab_36","order_570.csv",570,"fractal_first",0,1,2,"inverse",6,6,6,6,4,4,4,6,6,TRUE
"lab_36","order_571.csv",571,"fribble_first",1,1,2,"inverse",6,6,6,6,4,4,4,6,6,TRUE
"lab_36","order_572.csv",572,"fractal_first",1,1,2,"inverse",6,6,6,6,4,4,4,6,6,TRUE
"lab_36","order_573.csv",573,"fribble_first",0,2,2,"inverse",6,6,6,6,4,4,4,6,6,TRUE
"lab_36","order_574.csv",574,"fractal_first",0,2,2,"inverse",6,6,6,6,4,4,4,6,6,TRUE
"lab_36","order_575.csv",575,"fribble_first",1,2,2,"inverse",6,6,6,6,4,4,4,6,6,TRUE
"lab_36","order_576.csv",576,"fractal_first",1,2,2,"inverse",6,6,6,6,4,4,4,6,6,TRUE
"lab_37","order_577.csv",577,"fribble_first",0,1,1,"normal",6,6,6,6,4,4,4,6,6,TRUE
"lab_37","order_578.csv",578,"fractal_first",0,1,1,"normal",6,6,6,6,4,4,4,6,6,TRUE
"lab_37","order_579.csv",579,"fribble_first",1,1,1,"normal",6,6,6,6,4,4,4,6,6,TRUE
"lab_37","order_580.csv",580,"fractal_first",1,1,1,"normal",6,6,6,6,4,4,4,6,6,TRUE
"lab_37","order_581.csv",581,"fribble_first",0,2,1,"normal",6,6,6,6,4,4,4,6,6,TRUE
"lab_37","order_582.csv",582,"fractal_first",0,2,1,"normal",6,6,6,6,4,4,4,6,6,TRUE
"lab_37","order_583.csv",583,"fribble_first",1,2,1,"normal",6,6,6,6,4,4,4,6,6,TRUE
"lab_37","order_584.csv",584,"fractal_first",1,2,1,"normal",6,6,6,6,4,4,4,6,6,TRUE
"lab_37","order_585.csv",585,"fribble_first",0,1,2,"normal",6,6,6,6,4,4,4,6,6,TRUE
"lab_37","order_586.csv",586,"fractal_first",0,1,2,"normal",6,6,6,6,4,4,4,6,6,TRUE
"lab_37","order_587.csv",587,"fribble_first",1,1,2,"normal",6,6,6,6,4,4,4,6,6,TRUE
"lab_37","order_588.csv",588,"fractal_first",1,1,2,"normal",6,6,6,6,4,4,4,6,6,TRUE
"lab_37","order_589.csv",589,"fribble_first",0,2,2,"normal",6,6,6,6,4,4,4,6,6,TRUE
"lab_37","order_590.csv",590,"fractal_first",0,2,2,"normal",6,6,6,6,4,4,4,6,6,TRUE
"lab_37","order_591.csv",591,"fribble_first",1,2,2,"normal",6,6,6,6,4,4,4,6,6,TRUE
"lab_37","order_592.csv",592,"fractal_first",1,2,2,"normal",6,6,6,6,4,4,4,6,6,TRUE
"lab_38","order_593.csv",593,"fribble_first",0,1,1,"inverse",6,6,6,6,4,4,4,6,6,TRUE
"lab_38","order_594.csv",594,"fractal_first",0,1,1,"inverse",6,6,6,6,4,4,4,6,6,TRUE
"lab_38","order_595.csv",595,"fribble_first",1,1,1,"inverse",6,6,6,6,4,4,4,6,6,TRUE
"lab_38","order_596.csv",596,"fractal_first",1,1,1,"inverse",6,6,6,6,4,4,4,6,6,TRUE
"lab_38","order_597.csv",597,"fribble_first",0,2,1,"inverse",6,6,6,6,4,4,4,6,6,TRUE
"lab_38","order_598.csv",598,"fractal_first",0,2,1,"inverse",6,6,6,6,4,4,4,6,6,TRUE
"lab_38","order_599.csv",599,"fribble_first",1,2,1,"inverse",6,6,6,6,4,4,4,6,6,TRUE
"lab_38","order_600.csv",600,"fractal_first",1,2,1,"inverse",6,6,6,6,4,4,4,6,6,TRUE
"lab_38","order_601.csv",601,"fribble_first",0,1,2,"inverse",6,6,6,6,4,4,4,6,6,TRUE
"lab_38","order_602.csv",602,"fractal_first",0,1,2,"inverse",6,6,6,6,4,4,4,6,6,TRUE
"lab_38","order_603.csv",603,"fribble_first",1,1,2,"inverse",6,6,6,6,4,4,4,6,6,TRUE
"lab_38","order_604.csv",604,"fractal_first",1,1,2,"inverse",6,6,6,6,4,4,4,6,6,TRUE
"lab_38","order_605.csv",605,"fribble_first",0,2,2,"inverse",6,6,6,6,4,4,4,6,6,TRUE
"lab_38","order_606.csv",606,"fractal_first",0,2,2,"inverse",6,6,6,6,4,4,4,6,6,TRUE
"lab_38","order_607.csv",607,"fribble_first",1,2,2,"inverse",6,6,6,6,4,4,4,6,6,TRUE
"lab_38","order_608.csv",608,"fractal_first",1,2,2,"inverse",6,6,6,6,4,4,4,6,6,TRUE
"lab_39","order_609.csv",609,"fribble_first",0,1,1,"normal",6,6,6,6,4,4,4,6,6,TRUE
"lab_39","order_610.csv",610,"fractal_first",0,1,1,"normal",6,6,6,6,4,4,4,6,6,TRUE
"lab_39","order_611.csv",611,"fribble_first",1,1,1,"normal",6,6,6,6,4,4,4,6,6,TRUE
"lab_39","order_612.csv",612,"fractal_first",1,1,1,"normal",6,6,6,6,4,4,4,6,6,TRUE
"lab_39","order_613.csv",613,"fribble_first",0,2,1,"normal",6,6,6,6,4,4,4,6,6,TRUE
"lab_39","order_614.csv",614,"fractal_first",0,2,1,"normal",6,6,6,6,4,4,4,6,6,TRUE
"lab_39","order_615.csv",615,"fribble_first",1,2,1,"normal",6,6,6,6,4,4,4,6,6,TRUE
"lab_39","order_616.csv",616,"fractal_first",1,2,1,"normal",6,6,6,6,4,4,4,6,6,TRUE
"lab_39","order_617.csv",617,"fribble_first",0,1,2,"normal",6,6,6,6,4,4,4,6,6,TRUE
"lab_39","order_618.csv",618,"fractal_first",0,1,2,"normal",6,6,6,6,4,4,4,6,6,TRUE
"lab_39","order_619.csv",619,"fribble_first",1,1,2,"normal",6,6,6,6,4,4,4,6,6,TRUE
"lab_39","order_620.csv",620,"fractal_first",1,1,2,"normal",6,6,6,6,4,4,4,6,6,TRUE
"lab_39","order_621.csv",621,"fribble_first",0,2,2,"normal",6,6,6,6,4,4,4,6,6,TRUE
"lab_39","order_622.csv",622,"fractal_first",0,2,2,"normal",6,6,6,6,4,4,4,6,6,TRUE
"lab_39","order_623.csv",623,"fribble_first",1,2,2,"normal",6,6,6,6,4,4,4,6,6,TRUE
"lab_39","order_624.csv",624,"fractal_first",1,2,2,"normal",6,6,6,6,4,4,4,6,6,TRUE
"lab_40","order_625.csv",625,"fribble_first",0,1,1,"inverse",6,6,6,6,4,4,4,6,6,TRUE
"lab_40","order_626.csv",626,"fractal_first",0,1,1,"inverse",6,6,6,6,4,4,4,6,6,TRUE
"lab_40","order_627.csv",627,"fribble_first",1,1,1,"inverse",6,6,6,6,4,4,4,6,6,TRUE
"lab_40","order_628.csv",628,"fractal_first",1,1,1,"inverse",6,6,6,6,4,4,4,6,6,TRUE
"lab_40","order_629.csv",629,"fribble_first",0,2,1,"inverse",6,6,6,6,4,4,4,6,6,TRUE
"lab_40","order_630.csv",630,"fractal_first",0,2,1,"inverse",6,6,6,6,4,4,4,6,6,TRUE
"lab_40","order_631.csv",631,"fribble_first",1,2,1,"inverse",6,6,6,6,4,4,4,6,6,TRUE
"lab_40","order_632.csv",632,"fractal_first",1,2,1,"inverse",6,6,6,6,4,4,4,6,6,TRUE
"lab_40","order_633.csv",633,"fribble_first",0,1,2,"inverse",6,6,6,6,4,4,4,6,6,TRUE
"lab_40","order_634.csv",634,"fractal_first",0,1,2,"inverse",6,6,6,6,4,4,4,6,6,TRUE
"lab_40","order_635.csv",635,"fribble_first",1,1,2,"inverse",6,6,6,6,4,4,4,6,6,TRUE
"lab_40","order_636.csv",636,"fractal_first",1,1,2,"inverse",6,6,6,6,4,4,4,6,6,TRUE
"lab_40","order_637.csv",637,"fribble_first",0,2,2,"inverse",6,6,6,6,4,4,4,6,6,TRUE
"lab_40","order_638.csv",638,"fractal_first",0,2,2,"inverse",6,6,6,6,4,4,4,6,6,TRUE
"lab_40","order_639.csv",639,"fribble_first",1,2,2,"inverse",6,6,6,6,4,4,4,6,6,TRUE
"lab_40","order_640.csv",640,"fractal_first",1,2,2,"inverse",6,6,6,6,4,4,4,6,6,TRUE
"lab_41","order_641.csv",641,"fribble_first",0,1,1,"normal",6,6,6,6,4,4,4,6,6,TRUE
"lab_41","order_642.csv",642,"fractal_first",0,1,1,"normal",6,6,6,6,4,4,4,6,6,TRUE
"lab_41","order_643.csv",643,"fribble_first",1,1,1,"normal",6,6,6,6,4,4,4,6,6,TRUE
"lab_41","order_644.csv",644,"fractal_first",1,1,1,"normal",6,6,6,6,4,4,4,6,6,TRUE
"lab_41","order_645.csv",645,"fribble_first",0,2,1,"normal",6,6,6,6,4,4,4,6,6,TRUE
"lab_41","order_646.csv",646,"fractal_first",0,2,1,"normal",6,6,6,6,4,4,4,6,6,TRUE
"lab_41","order_647.csv",647,"fribble_first",1,2,1,"normal",6,6,6,6,4,4,4,6,6,TRUE
"lab_41","order_648.csv",648,"fractal_first",1,2,1,"normal",6,6,6,6,4,4,4,6,6,TRUE
"lab_41","order_649.csv",649,"fribble_first",0,1,2,"normal",6,6,6,6,4,4,4,6,6,TRUE
"lab_41","order_650.csv",650,"fractal_first",0,1,2,"normal",6,6,6,6,4,4,4,6,6,TRUE
"lab_41","order_651.csv",651,"fribble_first",1,1,2,"normal",6,6,6,6,4,4,4,6,6,TRUE
"lab_41","order_652.csv",652,"fractal_first",1,1,2,"normal",6,6,6,6,4,4,4,6,6,TRUE
"lab_41","order_653.csv",653,"fribble_first",0,2,2,"normal",6,6,6,6,4,4,4,6,6,TRUE
"lab_41","order_654.csv",654,"fractal_first",0,2,2,"normal",6,6,6,6,4,4,4,6,6,TRUE
"lab_41","order_655.csv",655,"fribble_first",1,2,2,"normal",6,6,6,6,4,4,4,6,6,TRUE
"lab_41","order_656.csv",656,"fractal_first",1,2,2,"normal",6,6,6,6,4,4,4,6,6,TRUE
"lab_42","order_657.csv",657,"fribble_first",0,1,1,"inverse",6,6,6,6,4,4,4,6,6,TRUE
"lab_42","order_658.csv",658,"fractal_first",0,1,1,"inverse",6,6,6,6,4,4,4,6,6,TRUE
"lab_42","order_659.csv",659,"fribble_first",1,1,1,"inverse",6,6,6,6,4,4,4,6,6,TRUE
"lab_42","order_660.csv",660,"fractal_first",1,1,1,"inverse",6,6,6,6,4,4,4,6,6,TRUE
"lab_42","order_661.csv",661,"fribble_first",0,2,1,"inverse",6,6,6,6,4,4,4,6,6,TRUE
"lab_42","order_662.csv",662,"fractal_first",0,2,1,"inverse",6,6,6,6,4,4,4,6,6,TRUE
"lab_42","order_663.csv",663,"fribble_first",1,2,1,"inverse",6,6,6,6,4,4,4,6,6,TRUE
"lab_42","order_664.csv",664,"fractal_first",1,2,1,"inverse",6,6,6,6,4,4,4,6,6,TRUE
"lab_42","order_665.csv",665,"fribble_first",0,1,2,"inverse",6,6,6,6,4,4,4,6,6,TRUE
"lab_42","order_666.csv",666,"fractal_first",0,1,2,"inverse",6,6,6,6,4,4,4,6,6,TRUE
"lab_42","order_667.csv",667,"fribble_first",1,1,2,"inverse",6,6,6,6,4,4,4,6,6,TRUE
"lab_42","order_668.csv",668,"fractal_first",1,1,2,"inverse",6,6,6,6,4,4,4,6,6,TRUE
"lab_42","order_669.csv",669,"fribble_first",0,2,2,"inverse",6,6,6,6,4,4,4,6,6,TRUE
"lab_42","order_670.csv",670,"fractal_first",0,2,2,"inverse",6,6,6,6,4,4,4,6,6,TRUE
"lab_42","order_671.csv",671,"fribble_first",1,2,2,"inverse",6,6,6,6,4,4,4,6,6,TRUE
"lab_42","order_672.csv",672,"fractal_first",1,2,2,"inverse",6,6,6,6,4,4,4,6,6,TRUE
"lab_43","order_673.csv",673,"fribble_first",0,1,1,"normal",6,6,6,6,4,4,4,6,6,TRUE
"lab_43","order_674.csv",674,"fractal_first",0,1,1,"normal",6,6,6,6,4,4,4,6,6,TRUE
"lab_43","order_675.csv",675,"fribble_first",1,1,1,"normal",6,6,6,6,4,4,4,6,6,TRUE
"lab_43","order_676.csv",676,"fractal_first",1,1,1,"normal",6,6,6,6,4,4,4,6,6,TRUE
"lab_43","order_677.csv",677,"fribble_first",0,2,1,"normal",6,6,6,6,4,4,4,6,6,TRUE
"lab_43","order_678.csv",678,"fractal_first",0,2,1,"normal",6,6,6,6,4,4,4,6,6,TRUE
"lab_43","order_679.csv",679,"fribble_first",1,2,1,"normal",6,6,6,6,4,4,4,6,6,TRUE
"lab_43","order_680.csv",680,"fractal_first",1,2,1,"normal",6,6,6,6,4,4,4,6,6,TRUE
"lab_43","order_681.csv",681,"fribble_first",0,1,2,"normal",6,6,6,6,4,4,4,6,6,TRUE
"lab_43","order_682.csv",682,"fractal_first",0,1,2,"normal",6,6,6,6,4,4,4,6,6,TRUE
"lab_43","order_683.csv",683,"fribble_first",1,1,2,"normal",6,6,6,6,4,4,4,6,6,TRUE
"lab_43","order_684.csv",684,"fractal_first",1,1,2,"normal",6,6,6,6,4,4,4,6,6,TRUE
"lab_43","order_685.csv",685,"fribble_first",0,2,2,"normal",6,6,6,6,4,4,4,6,6,TRUE
"lab_43","order_686.csv",686,"fractal_first",0,2,2,"normal",6,6,6,6,4,4,4,6,6,TRUE
"lab_43","order_687.csv",687,"fribble_first",1,2,2,"normal",6,6,6,6,4,4,4,6,6,TRUE
"lab_43","order_688.csv",688,"fractal_first",1,2,2,"normal",6,6,6,6,4,4,4,6,6,TRUE
"lab_44","order_689.csv",689,"fribble_first",0,1,1,"inverse",6,6,6,6,4,4,4,6,6,TRUE
"lab_44","order_690.csv",690,"fractal_first",0,1,1,"inverse",6,6,6,6,4,4,4,6,6,TRUE
"lab_44","order_691.csv",691,"fribble_first",1,1,1,"inverse",6,6,6,6,4,4,4,6,6,TRUE
"lab_44","order_692.csv",692,"fractal_first",1,1,1,"inverse",6,6,6,6,4,4,4,6,6,TRUE
"lab_44","order_693.csv",693,"fribble_first",0,2,1,"inverse",6,6,6,6,4,4,4,6,6,TRUE
"lab_44","order_694.csv",694,"fractal_first",0,2,1,"inverse",6,6,6,6,4,4,4,6,6,TRUE
"lab_44","order_695.csv",695,"fribble_first",1,2,1,"inverse",6,6,6,6,4,4,4,6,6,TRUE
"lab_44","order_696.csv",696,"fractal_first",1,2,1,"inverse",6,6,6,6,4,4,4,6,6,TRUE
"lab_44","order_697.csv",697,"fribble_first",0,1,2,"inverse",6,6,6,6,4,4,4,6,6,TRUE
"lab_44","order_698.csv",698,"fractal_first",0,1,2,"inverse",6,6,6,6,4,4,4,6,6,TRUE
"lab_44","order_699.csv",699,"fribble_first",1,1,2,"inverse",6,6,6,6,4,4,4,6,6,TRUE
"lab_44","order_700.csv",700,"fractal_first",1,1,2,"inverse",6,6,6,6,4,4,4,6,6,TRUE
"lab_44","order_701.csv",701,"fribble_first",0,2,2,"inverse",6,6,6,6,4,4,4,6,6,TRUE
"lab_44","order_702.csv",702,"fractal_first",0,2,2,"inverse",6,6,6,6,4,4,4,6,6,TRUE
"lab_44","order_703.csv",703,"fribble_first",1,2,2,"inverse",6,6,6,6,4,4,4,6,6,TRUE
"lab_44","order_704.csv",704,"fractal_first",1,2,2,"inverse",6,6,6,6,4,4,4,6,6,TRUE
"lab_45","order_705.csv",705,"fribble_first",0,1,1,"normal",6,6,6,6,4,4,4,6,6,TRUE
"lab_45","order_706.csv",706,"fractal_first",0,1,1,"normal",6,6,6,6,4,4,4,6,6,TRUE
"lab_45","order_707.csv",707,"fribble_first",1,1,1,"normal",6,6,6,6,4,4,4,6,6,TRUE
"lab_45","order_708.csv",708,"fractal_first",1,1,1,"normal",6,6,6,6,4,4,4,6,6,TRUE
"lab_45","order_709.csv",709,"fribble_first",0,2,1,"normal",6,6,6,6,4,4,4,6,6,TRUE
"lab_45","order_710.csv",710,"fractal_first",0,2,1,"normal",6,6,6,6,4,4,4,6,6,TRUE
"lab_45","order_711.csv",711,"fribble_first",1,2,1,"normal",6,6,6,6,4,4,4,6,6,TRUE
"lab_45","order_712.csv",712,"fractal_first",1,2,1,"normal",6,6,6,6,4,4,4,6,6,TRUE
"lab_45","order_713.csv",713,"fribble_first",0,1,2,"normal",6,6,6,6,4,4,4,6,6,TRUE
"lab_45","order_714.csv",714,"fractal_first",0,1,2,"normal",6,6,6,6,4,4,4,6,6,TRUE
"lab_45","order_715.csv",715,"fribble_first",1,1,2,"normal",6,6,6,6,4,4,4,6,6,TRUE
"lab_45","order_716.csv",716,"fractal_first",1,1,2,"normal",6,6,6,6,4,4,4,6,6,TRUE
"lab_45","order_717.csv",717,"fribble_first",0,2,2,"normal",6,6,6,6,4,4,4,6,6,TRUE
"lab_45","order_718.csv",718,"fractal_first",0,2,2,"normal",6,6,6,6,4,4,4,6,6,TRUE
"lab_45","order_719.csv",719,"fribble_first",1,2,2,"normal",6,6,6,6,4,4,4,6,6,TRUE
"lab_45","order_720.csv",720,"fractal_first",1,2,2,"normal",6,6,6,6,4,4,4,6,6,TRUE
"lab_46","order_721.csv",721,"fribble_first",0,1,1,"inverse",6,6,6,6,4,4,4,6,6,TRUE
"lab_46","order_722.csv",722,"fractal_first",0,1,1,"inverse",6,6,6,6,4,4,4,6,6,TRUE
"lab_46","order_723.csv",723,"fribble_first",1,1,1,"inverse",6,6,6,6,4,4,4,6,6,TRUE
"lab_46","order_724.csv",724,"fractal_first",1,1,1,"inverse",6,6,6,6,4,4,4,6,6,TRUE
"lab_46","order_725.csv",725,"fribble_first",0,2,1,"inverse",6,6,6,6,4,4,4,6,6,TRUE
"lab_46","order_726.csv",726,"fractal_first",0,2,1,"inverse",6,6,6,6,4,4,4,6,6,TRUE
"lab_46","order_727.csv",727,"fribble_first",1,2,1,"inverse",6,6,6,6,4,4,4,6,6,TRUE
"lab_46","order_728.csv",728,"fractal_first",1,2,1,"inverse",6,6,6,6,4,4,4,6,6,TRUE
"lab_46","order_729.csv",729,"fribble_first",0,1,2,"inverse",6,6,6,6,4,4,4,6,6,TRUE
"lab_46","order_730.csv",730,"fractal_first",0,1,2,"inverse",6,6,6,6,4,4,4,6,6,TRUE
"lab_46","order_731.csv",731,"fribble_first",1,1,2,"inverse",6,6,6,6,4,4,4,6,6,TRUE
"lab_46","order_732.csv",732,"fractal_first",1,1,2,"inverse",6,6,6,6,4,4,4,6,6,TRUE
"lab_46","order_733.csv",733,"fribble_first",0,2,2,"inverse",6,6,6,6,4,4,4,6,6,TRUE
"lab_46","order_734.csv",734,"fractal_first",0,2,2,"inverse",6,6,6,6,4,4,4,6,6,TRUE
"lab_46","order_735.csv",735,"fribble_first",1,2,2,"inverse",6,6,6,6,4,4,4,6,6,TRUE
"lab_46","order_736.csv",736,"fractal_first",1,2,2,"inverse",6,6,6,6,4,4,4,6,6,TRUE
"lab_47","order_737.csv",737,"fribble_first",0,1,1,"normal",6,6,6,6,4,4,4,6,6,TRUE
"lab_47","order_738.csv",738,"fractal_first",0,1,1,"normal",6,6,6,6,4,4,4,6,6,TRUE
"lab_47","order_739.csv",739,"fribble_first",1,1,1,"normal",6,6,6,6,4,4,4,6,6,TRUE
"lab_47","order_740.csv",740,"fractal_first",1,1,1,"normal",6,6,6,6,4,4,4,6,6,TRUE
"lab_47","order_741.csv",741,"fribble_first",0,2,1,"normal",6,6,6,6,4,4,4,6,6,TRUE
"lab_47","order_742.csv",742,"fractal_first",0,2,1,"normal",6,6,6,6,4,4,4,6,6,TRUE
"lab_47","order_743.csv",743,"fribble_first",1,2,1,"normal",6,6,6,6,4,4,4,6,6,TRUE
"lab_47","order_744.csv",744,"fractal_first",1,2,1,"normal",6,6,6,6,4,4,4,6,6,TRUE
"lab_47","order_745.csv",745,"fribble_first",0,1,2,"normal",6,6,6,6,4,4,4,6,6,TRUE
"lab_47","order_746.csv",746,"fractal_first",0,1,2,"normal",6,6,6,6,4,4,4,6,6,TRUE
"lab_47","order_747.csv",747,"fribble_first",1,1,2,"normal",6,6,6,6,4,4,4,6,6,TRUE
"lab_47","order_748.csv",748,"fractal_first",1,1,2,"normal",6,6,6,6,4,4,4,6,6,TRUE
"lab_47","order_749.csv",749,"fribble_first",0,2,2,"normal",6,6,6,6,4,4,4,6,6,TRUE
"lab_47","order_750.csv",750,"fractal_first",0,2,2,"normal",6,6,6,6,4,4,4,6,6,TRUE
"lab_47","order_751.csv",751,"fribble_first",1,2,2,"normal",6,6,6,6,4,4,4,6,6,TRUE
"lab_47","order_752.csv",752,"fractal_first",1,2,2,"normal",6,6,6,6,4,4,4,6,6,TRUE
"lab_48","order_753.csv",753,"fribble_first",0,1,1,"inverse",6,6,6,6,4,4,4,6,6,TRUE
"lab_48","order_754.csv",754,"fractal_first",0,1,1,"inverse",6,6,6,6,4,4,4,6,6,TRUE
"lab_48","order_755.csv",755,"fribble_first",1,1,1,"inverse",6,6,6,6,4,4,4,6,6,TRUE
"lab_48","order_756.csv",756,"fractal_first",1,1,1,"inverse",6,6,6,6,4,4,4,6,6,TRUE
"lab_48","order_757.csv",757,"fribble_first",0,2,1,"inverse",6,6,6,6,4,4,4,6,6,TRUE
"lab_48","order_758.csv",758,"fractal_first",0,2,1,"inverse",6,6,6,6,4,4,4,6,6,TRUE
"lab_48","order_759.csv",759,"fribble_first",1,2,1,"inverse",6,6,6,6,4,4,4,6,6,TRUE
"lab_48","order_760.csv",760,"fractal_first",1,2,1,"inverse",6,6,6,6,4,4,4,6,6,TRUE
"lab_48","order_761.csv",761,"fribble_first",0,1,2,"inverse",6,6,6,6,4,4,4,6,6,TRUE
"lab_48","order_762.csv",762,"fractal_first",0,1,2,"inverse",6,6,6,6,4,4,4,6,6,TRUE
"lab_48","order_763.csv",763,"fribble_first",1,1,2,"inverse",6,6,6,6,4,4,4,6,6,TRUE
"lab_48","order_764.csv",764,"fractal_first",1,1,2,"inverse",6,6,6,6,4,4,4,6,6,TRUE
"lab_48","order_765.csv",765,"fribble_first",0,2,2,"inverse",6,6,6,6,4,4,4,6,6,TRUE
"lab_48","order_766.csv",766,"fractal_first",0,2,2,"inverse",6,6,6,6,4,4,4,6,6,TRUE
"lab_48","order_767.csv",767,"fribble_first",1,2,2,"inverse",6,6,6,6,4,4,4,6,6,TRUE
"lab_48","order_768.csv",768,"fractal_first",1,2,2,"inverse",6,6,6,6,4,4,4,6,6,TRUE
